,times,herf,author,content,share_num,pingllun_num,dianzan_num
0,04月01日 22:48,https://weibo.com/1711163244/MA1jl0Iyh?refer_flag=1001030103_,青华在河北,#电影不能错过的只有你#《不能错过的只有你》今年的第二部“不能错过……”爱情片，不知两部有没有联系？先说优点吧。选题不错！对标剩男剩女和恐婚、逼婚等，瞄准社会热点问题，以喜剧形式展现。片中的过来人说“娶了不玩”总比“玩了不娶要强吧”，博得全场哄堂大笑，多么生活，太精辟了吧！作为其它在成都拍摄的影片，这部片子对成都的旅游元素倒是展现得尤其全面，宽窄巷子、杜甫草堂、成都大熊猫、火锅文化、喝茶、变脸、采耳、按摩……应有尽有，宣传效果不错。再缀几句不足吧。感觉故事是按固定节奏创作的，每个环节比较糙，不够顺畅、精炼，给人硬生生的感觉。水平类似普通电视剧，离院线电影差距太大了，更适合央六。另，杨硕身材还在，可青春不在了。岁数太大了，已经不适合这类角色了。典型的小成本，制片方可能想以小博大，但是看完片子预测很难实现。喜欢长腿欧巴和绝美小姐姐的朋友们可以来刷刷哦！收起d,0,0,0
1,04月01日 22:23,https://weibo.com/7549609569/MA191xMCi?refer_flag=1001030103_,云佴在线,#微博辟谣#无关社会热点词条内，刷量发布引战内容，使用黑称侮辱网暴他人，造谣诽谤群体及未成年，煽动网友网暴无辜艺人及粉丝群体，行为恶劣，辛苦处理！ . ​,0,0,0
2,04月01日 21:18,https://weibo.com/3653703037/MA0IPi3hr?refer_flag=1001030103_,北票666,@快手热点，感恩遇见快手平台，感谢官方的每一次推广谢谢官方辛苦了，在快手带你看世界社会热点奇闻趣事，理性观看友善交友，不传谣不信谣，中俄友谊天长地久，团结合作共同发展，维护世界和平发展，期待俄乌两国早日结束战争和平谈判，我们一起绿色快手正能量平台O网页链接​,0,0,0
3,04月01日 21:18,https://weibo.com/3653703037/MA0IJ0ktI?refer_flag=1001030103_,北票666,@快手热点，感恩遇见快手平台，感谢官方的每一次推广谢谢官方辛苦了，在快手带你看世界社会热点奇闻趣事，理性观看友善交友，不传谣不信谣，中俄友谊天长地久，团结合作共同发展，维护世界和平发展，期待俄乌两国早日结束战争和平谈判，我们一起绿色快手正能量平台O网页链接​,0,0,0
4,04月01日 20:52,https://weibo.com/5092881464/MA0ybrWMs?refer_flag=1001030103_,李小安0626,#关注社会热点事件#敢进这村的，是没打算出来。L李小安0626的微博视频​,0,0,2
5,04月01日 20:31,https://weibo.com/7739681978/MA0pPauw7?refer_flag=1001030103_,羊崽最爱小狗,老妈：诺宝~我：巴拉巴拉（好玩的事情，有趣的发现社会热点等）（老妈的）一句话  让我说了一个多小时哈哈哈哈哈其实还想跟老妈聊会的可是老妈说她要洗漱睡觉😪让我不要耽误她呜呜呜呜呜呜呜好叭~ ​,0,0,0
6,04月01日 20:16,https://weibo.com/3209718350/MA0jwrw9b?refer_flag=1001030103_,评城风雨,#个别地方安检形同虚设#这玩意带上地铁非常容易，至于为什么，你们自己想#上海地铁内男子嬉皮笑脸耍刀玩#个别地方的安检，除了重大日子，其实就是形同虚设。社会热点L评城风雨的微博视频​, 1, 2,7
7,04月01日 19:51,https://weibo.com/3209718350/MA09gAPSS?refer_flag=1001030103_,评城风雨,#成龙不仅是功夫明星#说起成龙，那是无人不知，无人不晓，他不仅仅是一位功夫巨星，人品更是让人敬佩。在接待会上，成龙跪地给大爷签名，可见他做人的谦逊，和对他人的尊敬。就不知道大爷要这么多签名会不会拿去卖#成龙说现在没有真正的功夫明星了#成龙在近些年的影片，大多是爱国题材，也展现出了他对祖国深沉的热爱。所以大家对成龙的印象不仅仅是热爱更是钦佩。社会热点L评城风雨的微博视频收起d,0,0,4
8,04月01日 19:41,https://weibo.com/2671142311/MA05lCIyQ?refer_flag=1001030103_,初登场debut,时代镜像、逻辑图景、人性褶皱：评《狂飙》一、文章节选自选择《当代电视》2023.3，作者黄博阳，完整版本，请私。二、电视剧《狂飙》以力透纸背的现实创作直击社会热点；以三重叙事搭建故事情节，架构黑白对立的影像世界；以复杂而立体、特色鲜明又引人共鸣的人物群像，深入挖掘犯罪背后的成因，探究错综复杂的人生际遇和人性变化。该剧深刻反映了我国开展扫黑除恶工作的阶段性变化，映射20年来社会的巨大变迁，为反腐题材电视剧的发展提供了诸多借鉴。#戏剧影视学考研[话题]##广播电视考研[话题]##狂飙[话题]##当代电视[话题]##热播电视剧[话题]##广播电视考研[话题]#收起d,0,0,0
9,04月01日 18:51,https://weibo.com/2745442130/MzZL1F6hu?refer_flag=1001030103_,手机用户2745442130,社会热点好好的一个人，就因为要去厦门市莲花医院总院戒酒，不到半天时间就被厦门市莲花医院总院的医护人员和保安人员人为重击葬送了一个人的人生！再说，最让人无法接受和理解的是厦门市莲花医院总院却关系网重重，勾结原名为（福建天泽鉴定所），做出违法违心的责任认定，做出错误认定后，福建天泽鉴定所就改名为（福建南天有限公司鉴定所）。我唯一的一个儿子是举家4代人的精神支柱和经济生活依靠。就因为厦门市莲花医院的暴行，让我一家人沉浸在极端的困境之中，为此我又求告无门！发此微博，希望能得到全社会的同情与关注。谢谢大家浏览！革命后代的一家后代确有冤无诉处。收起d,0,0,0
10,04月01日 18:42,https://weibo.com/3653703037/MzZHht7FL?refer_flag=1001030103_,北票666,@快手热点，感恩遇见快手平台，感谢官方的每一次推广谢谢官方辛苦了，在快手带你看世界社会热点奇闻趣事，理性观看友善交友，不传谣不信谣，中俄友谊天长地久，团结合作共同发展，维护世界和平发展，期待俄乌两国早日结束战争和平谈判，我们一起绿色快手正能量平台O网页链接​,0,0,0
11,04月01日 18:40,https://weibo.com/2745442130/MzZGrtOAv?refer_flag=1001030103_,手机用户2745442130,社会热点好好的一个人，就因为要去厦门市莲花医院总院戒酒，不到半天时间就被厦门市莲花医院总院的医护人员和保安人员人为重击葬送了一个人的人生！再说，最让人无法接受和理解的是厦门市莲花医院总院却关系网重重，勾结原名为（福建天泽鉴定所），做出违法违心的责任认定，做出错误认定后，福建天泽鉴定所就改名为（福建南天有限公司鉴定所）。我唯一的一个儿子是举家4代人的精神支柱和经济生活依靠。就因为厦门市莲花医院的暴行，让我一家人沉浸在极端的困境之中，为此我又求告无门！发此微博，希望能得到全社会的同情与关注。谢谢大家浏览！革命后代的一家后代确有冤无诉处。收起d,0,0,0
12,04月01日 18:16,https://weibo.com/3209718350/MzZwG02X3?refer_flag=1001030103_,评城风雨,浙江绍兴。女生演出结束穿汉进教室，教室里瞬间欢呼阵阵，鼓掌欢迎。这一亮相不知成了下面多少小男孩这辈子心里的的白月光。她同桌内心：瞧你们不值钱的样，这是我的同桌社会热点L评城风雨的微博视频​, 1, 2,3
13,04月01日 17:55,https://weibo.com/1224527212/MzZojCPV0?refer_flag=1001030103_,郝爱妮女王大人,【愚人节送本书，我发誓是真的】朋友@木一杨柳的新书上市啦。虽然书名是谈恋爱，但其实写了很多社会热点，比如拜金、丁克，还有大热的脱口秀。作者本身就有医疗行业从业经验，所以故事多了很多行业小八卦，抓马又酣畅。我在评论区随机抽两个小伙伴送这本书（不用关注我，留言就OK），社会很浮躁，但要热爱阅读呀！！！截止时间：2023年4月6日，星期四收起d, 1, 36,15
14,04月01日 16:59,https://weibo.com/6750392011/MzZ1yaEnS?refer_flag=1001030103_,白龙马工作室,#热点关注##天涯社区##跟新浪看热点#区块城市并购天涯社区会不会是炒作？#热点事件##热点##社会热点##网红##白龙马##白龙马的直播间#《区块城市并购天涯社区会不会是炒作？_手机新浪网》最近，随着ChatGPT的不断升温，AIGC行业的被关注度迅速超过了元宇宙，加上国内外大厂在XR设备上的退缩表现，很多人认为元宇宙风口已过，遇冷是自然的事情。O网页链接收起d,0,0,0
15,04月01日 16:40,https://weibo.com/3905083939/MzYTQDxl2?refer_flag=1001030103_,Frankzhao89,"法硕【考研打卡】Day1 2024,风里雨里,一路同行!学习内容:刑法各论概述,危害国家安全罪;于帅讲解深入浅出,言简意赅,教学风格激情、透彻、层层推进、逻辑性强,擅于结合社会热点,加深对知识的领悟!@华图法硕考研@刑法于越​​​",0,0,1
16,04月01日 16:28,https://weibo.com/2041363173/MzYPdokde?refer_flag=1001030103_,永无乡的夜,要中考高考的注意了，绝望的文盲可是今年的社会热点，千万别忽略相关信息 ，毕竟扫盲行动任重而道远。 ​,0,0,0
17,04月01日 16:26,https://weibo.com/1029374230/MzYO3kzJK?refer_flag=1001030103_,范炜,#武汉发现一被腰斩死亡江豚#湖北市民在江边发现死亡江豚，拍摄者：断成两截了，不行了。#武汉渔政已将死亡江豚移交相关机构#。伤口这么齐整，这是被人为或者人类工具螺旋桨叶片割伤的吗？#武汉身边事##社会热点新闻#L范炜的微博视频​,0, 1,1
18,04月01日 16:21,https://weibo.com/1029374230/MzYMldw7W?refer_flag=1001030103_,范炜,#大妈在火车上脱鞋抠脚#3月30日，成都到西昌的火车上一大妈在火车上脱鞋、抠脚长达一个多小时。乘客：看到这一幕，我在口罩里面垫了4层纸巾。这种不文明旅客有什么办法限制一下他们的行为啊。（国+社区）#社会百态##社会热点新闻#L范炜的微博视频​, 3, 3,2
19,04月01日 16:08,https://weibo.com/5582698333/MzYGXAHGh?refer_flag=1001030103_,自由自在的小猫吖,绝望的文盲不就是高中没毕业的wyb  这个问题没有任何意义的wyb  醒醒吧又不是粉圈内部事件 早就出圈到社会热点了#绝望的文盲#​,0,0,0
20,04月01日 15:59,https://weibo.com/6533725867/MzYDjcKTU?refer_flag=1001030103_,MMA精彩格斗场,3月13日广东中山网友路过健身场地突然看到…有没有网友来解释一下？#社会热点##人生百态#LMMA精彩格斗场的微博视频​, 2, 1,2
21,04月01日 15:34,https://weibo.com/1029374230/MzYtaoex5?refer_flag=1001030103_,范炜,#漳州警方通报妇女打人视频#漳州市公安局长泰分局通报#福建一大娘遭三人欺凌#：系辖区内一起村民邻里纠纷引发的治安案件，已依法对视频中的违法行为人林某某、连某某作出行政拘留处罚。邻里纠纷就多人殴打扒衣，太可气了，这几名妇女的做法太恶劣到不仅是多人殴打一人，更是拔去大娘的上衣人格侮辱。#漳州身边事##社会热点新闻#L范炜的微博视频收起d, 4, 3,111
22,04月01日 15:10,https://weibo.com/6086117540/MzYjoENzo?refer_flag=1001030103_,-v-啊哦额伊呜吁,#李亚玲道歉声明#我只想说，该吧。之前的铁链女事件或者更早的时事新闻都让她尝到了蹭社会热点的甜头，现在算踢到铁板了（当然这块铁板也不是什么好的）尤其还开打赏还在评论引流去公众号打赏也是迷惑。。。 ​,0,0,0
23,04月01日 14:39,https://weibo.com/3106052570/MzY6NDuN3?refer_flag=1001030103_,冰糖榴槤,#雅思作文 绝望的文盲#被捧那么高，赚那么多钱，却不敬业，不提升业务能力，一问三不知，还有脑残粉丝捧场，这么畸形的现象难怪会成为社会热点 ​,0,0,2
24,04月01日 14:23,https://weibo.com/7800933710/MzY05jOSu?refer_flag=1001030103_,请妥善保管2023,#雅思作文 绝望的文盲#挺好的，关注社会热点！宣扬读书无用论才是最让人痛恨的！ ​,0,0,1
25,04月01日 14:20,https://weibo.com/6324055136/MzXZfB1FZ?refer_flag=1001030103_,瑟瑟田果,#雅思作文 绝望的文盲#跟着社会热点出题，思考文盲背后的故事。不要一问三不知 ​,0,0,0
26,04月01日 14:08,https://weibo.com/2825077662/MzXUcsew1?refer_flag=1001030103_,山药腿毛毛,社会热点请换个马甲行不行，别那么蠢把脏东西引进来​,0,0,0
27,04月01日 14:07,https://weibo.com/6012607569/MzXTBcdUh?refer_flag=1001030103_,仗义的包青天乐园,社会热点刑事申诉要归哪里管辖呢？L仗义的包青天乐园的微博视频​,0,0,0
28,04月01日 14:05,https://weibo.com/6012607569/MzXSYaOW5?refer_flag=1001030103_,仗义的包青天乐园,社会热点刑事申诉要归哪里管辖呢？L仗义的包青天乐园的微博视频​,0,0,0
29,04月01日 13:45,https://weibo.com/1827577740/MzXKHdt04?refer_flag=1001030103_,焦糖玛奇朵daytoy,今年高考的学子们，多关注社会热点新闻，雅思都考了，或许可能高考也会有相关内容～ ​,0,0,0
30,04月01日 13:40,https://weibo.com/3313447497/MzXILhscI?refer_flag=1001030103_,15岁少年冤案,当冤案的触手覆盖过老弱孱幼……O网页链接社会热点法律援助网络举报何天恩记者调查微博曝光正义呐喊以闪亮之名​,0, 4,4
31,04月01日 13:29,https://weibo.com/5549561499/MzXEl0aMQ?refer_flag=1001030103_,BKN-日落公园,#雅思作文 绝望的文盲#不懂就问，他们IELTS也紧跟社会热点吗​,0, 2,0
32,04月01日 13:21,https://weibo.com/1750332045/MzXB3EPUl?refer_flag=1001030103_,长春师范大学,#长小师带你忆古今#长春师范大学【历史上的今天：1994.4.1—中央电视台《焦点访谈》栏目开播】1994年4月1日，中央电视台《焦点访谈》栏目开播。节目定位是：时事追踪报道，新闻背景分析，社会热点透视，大众话题评说。自开播以来，受到党和国家领导人、各界观众的广泛关注和重视。它以深度报道为主，以舆论监督见长，是中央电视台收视率最高的栏目之一，多次获中国新闻界最高奖项。收起d,0, 1,0
33,04月01日 13:15,https://weibo.com/7003739968/MzXyMe8ux?refer_flag=1001030103_,无予宁YEAH,#李亚玲道歉声明#众筹赔偿，随意发声，官僚作风……一个社会热点案件，涵盖了这么多戏剧性元素，让我有点抓不到重点。双方——呃——没一个好🐦。 ​,0,0,4
34,04月01日 13:00,https://weibo.com/1787935585/MzXsnDPlI?refer_flag=1001030103_,与众不同的心理学,【太在乎一定容易焦虑】太在乎一定容易焦虑#心理健康##社会热点##家庭关系##抑郁症##教育##情感##与众不同的心理学##王国荣#L与众不同的心理学的微博视频​, 1,0,1
35,04月01日 12:31,https://weibo.com/6067221208/MzXgZ7Fk7?refer_flag=1001030103_,奇妙物语Disney,#社会百态##社会热点#男子坠楼不幸砸中路过男童，唉！L奇妙物语Disney的微博视频​,0,0,0
36,04月01日 12:24,https://weibo.com/2710608235/MzXe4zPpr?refer_flag=1001030103_,扫描急急急,总觉得思想最深刻的是在高中时代，特别是高三，那一年突然就顿悟了。习惯了记日记，整整几大本，看史记断断续续写随感，某天搬家翻出来不觉得自己幼稚，相反佩服当时独特的视角；针对社会热点也记录了不少意见和想法，新奇又大胆，可能有些不切实际，但当时是足够认真十分赤诚去做这件事情；对于人生的感悟则更加透彻，随着不断和文学大家进行灵魂的交流，经手而过的名家名篇也是很多，沉浸在其中，跨越年龄，超越时空，但是就是觉得有一种惺惺相惜的契合，那是最好的年代，也是最纯粹的文字。成人之后，不复当时的心境，被日常琐事所累，随笔慢慢地被一时兴起的博文代替，更多时候纪录了日常生活。收起d,0,0,0
37,04月01日 11:36,https://weibo.com/2863357230/MzWUovKte?refer_flag=1001030103_,古朔说事,#古朔说事##社会热点事件##欧阳震华#62岁欧阳震华深夜微博发文痛斥日本，在中国开办学校为什么不允许中国人读？#欧阳震华的三观#有人说这是无知当个性蹭流量，也有人说现在这样真正爱国的好演员越来越少了。不管怎么说，但凡是能够公开的表明自己的立场，有真情实意的爱国情怀就必须给个赞！L古朔说事的微博视频收起d,0,0,0
38,04月01日 11:11,https://weibo.com/6533725867/MzWKpsqCW?refer_flag=1001030103_,MMA精彩格斗场,3月8日广东母亲下楼买东西女孩一人在家，对门男邻居串门不走。#社会热点##人生百态#LMMA精彩格斗场的微博视频​,0, 1,1
39,04月01日 11:01,https://weibo.com/2083048652/MzWGtCaWA?refer_flag=1001030103_,过往与我,偶然看到“这个月”博主的最新视频对女性主义的讨论。因为字数限制，不转发视频了。*事件概况三个事件中事前简单了解了后两个事件，第一个事件从这个视频中简单了解了一下。*一些不成熟的评价1.关注果而不是因其实不止是这三个事件，多了解网络上的【热点事件】，就会发现很多人的关注点都在被无意转移，往往是陷入一个无意义的点反复纠缠。仔细发现，这就是我们大多数人思考问题的方式—结果导向。这种思维模式当然有好处，最大的好处就是效率的提升，那么问题就是“高效率是否一定是好的？”化为一个普遍问题的讨论就是“是不是结果大于过程？”我们是否要关注到结果导向思维当中的陷阱：容易忽略问题的实质。那么这个博主这个方法我觉得很值得借鉴，即不同时间线同类事件对比。2.群体类化之再类化社会身份认同理论里面有提到，我们在身份确认的过程中，会将自己和其他群体区分开。“承认女性在厌女”很喜欢这个观点中的诚实，其实不止女性会厌女，男性也会厌男，这其实是一个很有意思的现象。所以发现：性别并不是我们区分群体的界限。甚至自己更容易产生对自我群体的厌弃。更扩展一些现象：讨厌自己的职业、讨厌自己的专业为什么会这样？还是因为信息差距的问题，围墙里的人掌握更多信息，自然想跳出去，至于围墙外是不是相对的另一个围墙这里不做讨论。我们一边需要自己的身份，一边攻击着身份中的个体，一面想要融入群体，一面又想证明自己的特别之处。在这种不断细分群体的过程中，多个小团体的冲突暴露了什么问题？这是一种通过不断寻找趋同，来确认自我，但我非常不同意用过分甚至侮辱性语言攻击他人的方式。如何用一种更温和的方式进行自我身份确认和认同？还没找到好的解决办法，但我的做法一直都是生活和书籍，在和人的交往中明白“自己是谁”。3.女性主义博主成长性和曲线型的思维很有意思的。这种观点给我一种她很宽广的感觉。“人生是旷野”我们看待问题时那种快速下定论的方式可能不适用在生活中的很多问题。给人和事一些成长和发展的空间。这种宽容态度是对时间的回答。我想，这个讨论很有必要。因为这个讨论很多时候不止是性别议题了。希望之后也能看到很多新观点。安利大家看原视频#关注社会热点事件##睡醒了#收起d,0, 2,1
40,04月01日 10:41,https://weibo.com/1029374230/MzWy8hg2m?refer_flag=1001030103_,范炜,#福建一大娘遭三人欺凌#福建漳州一大娘，被多人围殴，将大娘推倒在污水坑，甚至扒光大娘的上衣，拽住大娘的头发拖着移动。晒出的诊断病历显示脑震荡。几人欺凌大娘带去的不仅是身体上的伤害，更是人格的侮辱。社会上的霸凌也应该引起重视，大娘现在的状况不知道如何，这几名欺凌大娘的人应该受到法律惩罚，对大娘的伤害负责。（人型的蝼蚁）#漳州身边事##社会热点新闻#福建漳州老人O网页链接收起d, 46, 21,394
41,04月01日 10:26,https://weibo.com/1029374230/MzWs7yFP1?refer_flag=1001030103_,范炜,#女子灌醉小学同学欲卖其器官#多年不联系的同学，或者不是很熟悉的朋友还是不要约了。台湾一29岁女子灌醉小学同学想要将其卖给诈骗集团，结果在办理“人头账户”时失败。女子仍是不死心，于是便联系人体器官买家以200万新台币（约合45万人民币）将同学卖去柬埔寨黑市。太毛骨悚然了，简直是将小学同学当做物品去卖。台湾#社会热点新闻#L范炜的微博视频收起d,0,0,0
42,04月01日 10:26,https://weibo.com/6155172768/MzWs5xTtl?refer_flag=1001030103_,干喝咖啡不加糖,如果所谓官媒只会在下不来的高台上对社会热点问题评头论足，无法从解决问题的角度出发来发出声音，那我觉得肉食者鄙，何以远谋，不知所谓，不知所为。 ​,0, 2,1
43,04月01日 09:55,https://weibo.com/1029374230/MzWfym18M?refer_flag=1001030103_,范炜,#教育局回应女孩自述曾遭校园霸凌#“掐脖子、扒裤子、踢私部”，难以想象这样的行为是学生做出来的？等待教育局的调查看女生说的情况是否属实？#邯郸身边事##校园霸凌##社会热点新闻#L大风视频的微博视频​, 1,0,2
44,04月01日 08:33,https://weibo.com/1202392754/MzVImBVcC?refer_flag=1001030103_,13823833339求加群学思践悟,社会热点早上7点，自律的男孩在锻练身体已经满身是汗；相信他的人生确保是有担当丰富精彩的[福][福][福][合十][合十][合十]本人 是50 而立的人都要向自律的男孩学习…… ​, 5,0,2
45,04月01日 08:00,https://weibo.com/1787935585/MzVuCEme5?refer_flag=1001030103_,与众不同的心理学,【所有的骄傲都是来自于无知】所有的骄傲都是来自于无知#心理健康##社会热点##独立思考##与众不同的心理学##王国荣#L与众不同的心理学的微博视频​, 1,0,1
46,04月01日 08:00,https://weibo.com/1787935585/MzVuCnRdY?refer_flag=1001030103_,与众不同的心理学,"【没有人喜欢一本正经的人】理科研究的是发明创造，文科研究的是灵魂,是精神,是情感，上帝创造了人，文学,小说家创造了小说中的人，父母不能用自己的观念代替孩子的观念，使孩子压抑愤怒，天赋兴趣和爱好是学习的动力。#心理健康##社会热点##独立思考##与众不同的心理学##王国荣#L与众不同的心理学的微博视频​", 1,0,2
47,04月01日 08:00,https://weibo.com/1787935585/MzVuC7mOS?refer_flag=1001030103_,与众不同的心理学,【99%的人并不了解人的话语是有效力的】爱在话语中，说感动人的话会温暖人心，感情在话语中升华，从而体现在行动与付出上，真情和爱是可以相互传递的。#心理健康##社会热点##家庭关系##与众不同的心理学##王国荣#L与众不同的心理学的微博视频​,0,0,0
48,04月01日 08:00,https://weibo.com/1787935585/MzVuC6gLP?refer_flag=1001030103_,与众不同的心理学,【所有的心理问题都是认知问题吗？】所有的心理问题都是认知问题吗？#心理健康##社会热点##家庭关系##抑郁症##教育##情感##与众不同的心理学##王国荣#L与众不同的心理学的微博视频​,0,0,1
49,04月01日 02:07,https://weibo.com/6633255888/MzTbEbviB?refer_flag=1001030103_,0809号宇航员,大半夜一直在刷关于chat gpt4，碳基生物，硅基生物，LaMDA的“社会热点”（也许不是因为我们的消息太封锁）。觉得人类真的既渺小又伟大，也觉得我们这代人一定会见证什么巨大的改变。 ​,0,0,2
50,04月01日 00:19,https://weibo.com/6407569460/MzStDjikG?refer_flag=1001030103_,夕夕月成吃了一口的饼饼,逐渐开始厌烦看到社会热点问题和充满负面情绪的话题，恐惧年龄增长，年复一年这个词开始带上焦虑的debuff……看到因为苍老出现的身体机能下降的视频会不可控制地思考包括自己在内的周围人的老去……一切的一切都像恐怖电影一样在脑海里放映。 ​,0, 1,2
51,04月02日 21:48,https://weibo.com/5945844592/MAalnlrlT?refer_flag=1001030103_,MihuJ想吃大菠萝,分享最近喜欢的网剧《时光与他，恰似正好》甜甜的青春校园剧看了只想说，青春真好！《最食人间烟火色》好爱剧中暖色的小文字，空境绝美，紧跟社会热点，推崇非遗文化，真的好看！让人觉得惬意的田园生活也很不错《对我而言危险的他》不得不说，导演真的好会拍，各种张力体现得淋漓尽致，是真的很懂少女爱看的镜头忍不住想嗑真人话说，最近小网剧选的男女主真的演技和颜值均在线，值得一看！收起d,0, 2,2
52,04月02日 20:27,https://weibo.com/6901760711/MA9OqDiuu?refer_flag=1001030103_,四字创者,#部分自媒体不择手段炒作社会热点事件被处理#除了枪杆子出政权可以相信外，你千万不要相信任何。 ​, 1,0,1
53,04月02日 19:51,https://weibo.com/7250512084/MA9A41GAh?refer_flag=1001030103_,昵称躺平,#这不只是娱乐事件还涉及法律问题#所以有关部门不应该登场一下吗怎么着也算社会热点了吧​,0,0,0
54,04月02日 18:51,https://weibo.com/2745442130/MA9bBwsrh?refer_flag=1001030103_,手机用户2745442130,社会热点厦门市莲花医院总院简直是人间的地狱，好走进去介戒酒，不到8个小就躺着出来。问题是该医院又不承担责任，理直气壮。厦门市莲花医院总院到底是何方神圣所开，做那么多伤天害理的大事件还能能只手遮天。 ​​​受害者又求告无门，非要每个受害者非去耗巨资请律师，请各家鉴定机构。花不起钱的受害者不就要永远沉冤吗？收起d,0,0,0
55,04月02日 18:40,https://weibo.com/2745442130/MA97b1XTv?refer_flag=1001030103_,手机用户2745442130,社会热点社会热点厦门市莲花医院总院简直是人间的地狱，好走进去介戒酒，不到8个小就躺着出来。问题是该医院又不承担责任，理直气壮。厦门市莲花医院总院到底是何方神圣所开，做那么多伤天害理的大事件还能能只手遮天。 ​​​受害者又求告无门，非要每个受害者非去耗巨资请律师，请各家鉴定机构。花不起钱的受害者不就要永远沉冤吗？收起d,0,0,0
56,04月02日 18:34,https://weibo.com/6759784736/MA94DAiex?refer_flag=1001030103_,湘大马院团委学生会,#社会热点——为孤独症的孩子点亮一盏灯#今天是第16个世界孤独症日，孤独症是一种以社交沟通障碍、兴趣或活动范围狭窄，以及重复刻板行为为主要特征的神经发育性障碍。 ​,0, 1,0
57,04月02日 18:29,https://weibo.com/2745442130/MA92AtjVy?refer_flag=1001030103_,手机用户2745442130,社会热点厦门市莲花医院总院简直是人间的地狱，好走进去介戒酒，不到8个小就躺着出来。问题是该医院又不承担责任，理直气壮。厦门市莲花医院总院到底是何方神圣所开，能只手遮天。 ​,0,0,0
58,04月02日 18:11,https://weibo.com/6429354864/MA8VrgfVN?refer_flag=1001030103_,近未来脳内科学者,高一入学：我要做一个特别特别牛逼的课题研究社会热点问题让综评老师看到一颗冉冉升起的新星高三：蹭朋友的课题二作 朋友的课题也是蹭的别人的 ​,0,0,4
59,04月02日 18:07,https://weibo.com/2688389593/MA8TI3Q00?refer_flag=1001030103_,四川白龙马,#热点##年度热点人物##跟新浪看热点#，～从“高考状元”到贪腐两千多万被查：四川简阳原市长易恩弟忏悔书披露！#关注社会热点事件##社会热点新闻##网红##白龙马##白龙马的直播间##西游记#《从“高考状元”到贪腐两千多万被查：四川简阳原市长易恩弟忏悔书披露》3月30日晚间，“廉洁四川”微信公众号发布了2020年落马的四川简阳原市长易恩弟的忏悔书节选。O网页链接收起d,0, 1,1
60,04月02日 17:40,https://weibo.com/3653703037/MA8IQg02Q?refer_flag=1001030103_,北票666,@快手热点感恩遇见快手平台，感谢官方的每一次推广，在快手带你看世界社会热点理性观看友善交友，不传谣不信谣，中俄友谊天长地久，团结合作共同发展，维护世界和平，我们一起维护绿色快手正能量平台O网页链接​,0,0,0
61,04月02日 17:14,https://weibo.com/3653703037/MA8yhe5Lt?refer_flag=1001030103_,北票666,感恩遇见快手平台，感谢官方的每一次推广谢谢官方，在快手带你看世界社会热点奇闻趣事，理性观看善意交友，不传谣不信谣，现在的中国不是任你宰割的羔羊，犯我中华者虽远必诛，祝福祖国加油。我们一起维护绿色快手正能量平台。O网页链接​,0,0,0
62,04月02日 16:29,https://weibo.com/3653703037/MA8fWFJFm?refer_flag=1001030103_,北票666,@快手热点，感恩遇见快手平台，感谢官方的每一次推广谢谢官方辛苦了，在快手带你看世界社会热点奇闻趣事，理性观看友善交友，不传谣不信谣，中俄友谊天长地久，团结合作共同发展，维护世界和平发展，期待俄乌两国早日结束战争和平谈判，我们一起绿色快手正能量平台O网页链接​,0,0,0
63,04月02日 15:43,https://weibo.com/7718671194/MA7XokQgJ?refer_flag=1001030103_,大口吃老虎菜,陕西省考本人结构化面试逆袭第一上岸，简单总结一下备考经验，跟着学学吧~首先：打牢基础至关重要我选的是粉笔《面试晨读集萃》，我认为在最开始的阶段要去掌握最基础面试知识。粉笔的这本教材是最能锻炼自己对社会热点的分析思维和知识的积累的，能够让自己对面试有很全面的角度去分析问题，并且培养自己很高的素材积累对内容上的填充。其次：巩固提升高阶思维对于面试想要具有独特性就要具备自己面对问题的思考能力和全面的进行分析。面霸进阶教程是面试高分必看课，老师会把每种题型都概括的很到位，在去进行答题思路的讲解，都非常好掌握，还会从体制内的角度分析问题，可以间接的去培养我的高阶思维。（面霸里面就总结了各种题型和解题的思路，直接去看就可以了。）最后：积累和练不能少面试主要还是要锻炼自己的开口练，在最后我会去看粉笔《面试真题200例》，主要就是跟着里面的真题进行练。把在课上学到的思维和对题型的基本判断的技能带到练里面。这200题要是完全掌握对面试也就没有任何难度可言了。我会通过家人的监督来锻炼自己的表达能力，及时的进行修改和调整。其实面试最重要的就是要掌握一套好的备考流程，锻炼自己的思维，学会独立思考问题，而不是想着去模板化！收起d,0,0,1
64,04月02日 15:43,https://weibo.com/7761815327/MA7X3DDru?refer_flag=1001030103_,苇风堂堂,陕西省考本人结构化面试逆袭第一上岸，简单总结一下备考经验，跟着学学吧~首先：打牢基础至关重要我选的是粉笔《面试晨读集萃》，我认为在最开始的阶段要去掌握最基础面试知识。粉笔的这本教材是最能锻炼自己对社会热点的分析思维和知识的积累的，能够让自己对面试有很全面的角度去分析问题，并且培养自己很高的素材积累对内容上的填充。其次：巩固提升高阶思维对于面试想要具有独特性就要具备自己面对问题的思考能力和全面的进行分析。面霸进阶教程是面试高分必看课，老师会把每种题型都概括的很到位，在去进行答题思路的讲解，都非常好掌握，还会从体制内的角度分析问题，可以间接的去培养我的高阶思维。（面霸里面就总结了各种题型和解题的思路，直接去看就可以了。）最后：积累和练不能少面试主要还是要锻炼自己的开口练，在最后我会去看粉笔《面试真题200例》，主要就是跟着里面的真题进行练。把在课上学到的思维和对题型的基本判断的技能带到练里面。这200题要是完全掌握对面试也就没有任何难度可言了。我会通过家人的监督来锻炼自己的表达能力，及时的进行修改和调整。其实面试最重要的就是要掌握一套好的备考流程，锻炼自己的思维，学会独立思考问题，而不是想着去模板化！收起d,0,0,0
65,04月02日 14:53,https://weibo.com/2863357230/MA7COs1Ym?refer_flag=1001030103_,古朔说事,在店门口停车卸货，被城管指责影响市容，网友：下次把车开屋里去！#记录真实生活##社会热点事件##新闻看点##媒体人周刊##古朔说事#L古朔说事的微博视频​,0,0,0
66,04月02日 14:46,https://weibo.com/2863357230/MA7A4viUk?refer_flag=1001030103_,古朔说事,#古朔说事##社会热点事件##记录真实生活##真实故事##媒体人周刊##新闻看点#触目惊心！男孩过马路突然猛跑，家长拉拽不及双双被车撞到！L古朔说事的微博视频​,0,0,0
67,04月02日 14:03,https://weibo.com/2863357230/MA7iBcNBX?refer_flag=1001030103_,古朔说事,#古朔说事##真实故事##社会百态##社会热点事件##记录真实生活##媒体人周刊#《沁园春雪》北国风光，千里冰封，万里雪飘#行书[话题]##我的书法分享[话题]##书法[话题]##书法学习[话题]##毛笔书法[话题]#L古朔说事的微博视频​,0,0,4
68,04月02日 13:57,https://weibo.com/2863357230/MA7g3qf3g?refer_flag=1001030103_,古朔说事,#记录真实生活##社会百态##新闻看点##古朔说事##社会热点事件##真实故事#轰动全港的真实案例，作案手法令人发指，细节描述的让你身临其境！L古朔说事的微博视频​,0,0,1
69,04月02日 13:40,https://weibo.com/5876108953/MA799jy58?refer_flag=1001030103_,小虎和我·,警钟长鸣#正能量##错换人生28年##关注社会热点事件##支持许敏寻找真相#​, 2, 1,14
70,04月02日 13:00,https://weibo.com/1787935585/MA6ST5p7A?refer_flag=1001030103_,与众不同的心理学,【有人为什么无缘无故地恨你？】有人为什么无缘无故地恨你？#心理健康##社会热点##独立思考##与众不同的心理学##王国荣#L与众不同的心理学的微博视频​,0,0,0
71,04月02日 11:12,https://weibo.com/7463985066/MA6biuZaE?refer_flag=1001030103_,仙女LL17,陕西省考本人结构化面试逆袭第一上岸，简单总结一下备考经验，跟着学学吧~首先：打牢基础至关重要我选的是粉笔《面试晨读集萃》，我认为在最开始的阶段要去掌握最基础面试知识。粉笔的这本教材是最能锻炼自己对社会热点的分析思维和知识的积累的，能够让自己对面试有很全面的角度去分析问题，并且培养自己很高的素材积累对内容上的填充。其次：巩固提升高阶思维对于面试想要具有独特性就要具备自己面对问题的思考能力和全面的进行分析。面霸进阶教程是面试高分必看课，老师会把每种题型都概括的很到位，在去进行答题思路的讲解，都非常好掌握，还会从体制内的角度分析问题，可以间接的去培养我的高阶思维。（面霸里面就总结了各种题型和解题的思路，直接去看就可以了。）最后：积累和练不能少面试主要还是要锻炼自己的开口练，在最后我会去看粉笔《面试真题200例》，主要就是跟着里面的真题进行练。把在课上学到的思维和对题型的基本判断的技能带到练里面。这200题要是完全掌握对面试也就没有任何难度可言了。我会通过家人的监督来锻炼自己的表达能力，及时的进行修改和调整。其实面试最重要的就是要掌握一套好的备考流程，锻炼自己的思维，学会独立思考问题，而不是想着去模板化！收起d,0,0,0
72,04月02日 11:10,https://weibo.com/6041830241/MA6ahxumZ?refer_flag=1001030103_,小岳岳视频集,#交通安全##社会百态#云南巧家县禁止脏车入城！L小岳岳视频集的微博视频​,0,0,1
73,04月02日 11:08,https://weibo.com/1755324031/MA69A5g3l?refer_flag=1001030103_,大鹏5大鹏,春日暖阳稍微有些现实的一部文字圈的剧，演员演自己的事业发展和家长里短，符合快速发展的社会规律，剧中有攀比、嫉妒、有难言之隐，有流量、热点、有新老交替、师徒传承，有自我反省、积累与沉淀、家庭成员之间的相互鼓励与肯定，自我认可与反省，有些工作中奖项都是虚拟的，社会现实中的需要快速变现，赛道切换。镜头内外，更多人情世故、人间冷暖，留给自己的时空难能可贵，妥协与坚持，沉淀下来的确实基本功，形体、台词、舞台呈现、快速切换表演状态等等，春日暖阳更是难得的人间清醒#人间清醒的事业型女主##人间清醒女主文可真香##社会热点#收起d,0,0,0
74,04月02日 11:00,https://weibo.com/7362321837/MA66b9DUp?refer_flag=1001030103_,青草哥,80后女书记为攀比套取129万#社会热点L青草哥的微博视频​,0,0,0
75,04月02日 10:48,https://weibo.com/2745442130/MA61s0UD3?refer_flag=1001030103_,手机用户2745442130,社会热点好的一个人，就因为要去厦门市莲花医院总院戒酒，不到半天时间就被厦门市莲花医院总院的医护人员和保安人员人为重击葬送了一个人的人生！再说，最让人无法接受和理解的是厦门市莲花医院总院却关系网重重，勾结原名为（福建天泽鉴定所），做出违法违心的责任认定，做出错误认定后，福建天泽鉴定所就改名为（福建南天有限公司鉴定所）。我唯一的一个儿子是举家4代人的精神支柱和经济生活依靠。就因为厦门市莲花医院的暴行，让我一家人沉浸在极端的困境之中，为此我又求告无门！发此微博，希望能得到全社会的同情与关注。谢谢大家浏览！革命后代的一家后代确有冤无诉处。收起d,0,0,0
76,04月02日 09:40,https://weibo.com/5118128276/MA5zQeN9E?refer_flag=1001030103_,梦里蓝天1971,无关社会热点词条内，刷量发布引战内容，使用黑称侮辱网暴他人，造谣诽谤群体及未成年，煽动网友网暴无辜艺人及粉丝群体，行为恶劣，辛苦处理！ . ​,0,0,0
77,04月02日 08:00,https://weibo.com/1787935585/MA4V7uj43?refer_flag=1001030103_,与众不同的心理学,【我们难以战胜的几种欲望】我们难以战胜的几种欲望#心理健康##社会热点##独立思考##与众不同的心理学##王国荣#L与众不同的心理学的微博视频​,0,0,0
78,04月02日 08:00,https://weibo.com/1787935585/MA4V7uiyf?refer_flag=1001030103_,与众不同的心理学,【心理问题并不可怕，可怕的是有问题却顽固地拒绝治疗】心理问题并不可怕，可怕的是有问题却顽固地拒绝治疗#心理健康##社会热点##家庭关系##抑郁症##教育##情感##与众不同的心理学##王国荣#L与众不同的心理学的微博视频​,0,0,1
79,04月02日 08:00,https://weibo.com/1787935585/MA4V70C09?refer_flag=1001030103_,与众不同的心理学,【我们为什么会焦虑？】我们为什么会焦虑？#心理健康##社会热点##家庭关系##抑郁症##教育##情感##与众不同的心理学##王国荣#L与众不同的心理学的微博视频​,0,0,1
80,04月02日 07:45,https://weibo.com/2240445382/MA4Pa8yw4?refer_flag=1001030103_,juwinliu,法考后遗症。症状一:看不了电影电视剧，更看不了娱乐综艺，不自觉用法律思维思考情节台词，总觉得编剧应该参加法考，提升一下逻辑思维能力，让剧情更有趣。症状二:不想参加聚会饭局，特别讨厌东拉西扯、没有重点的龙门阵，尤其对关于社会热点的杜撰、段子和猜测，心生反感。症状三:更加慎重的思考和评价一个社会现象和问题，不再以好坏对错来区分人和物，做事前先想会不会违法违纪，终于明白了法律不是万能的，公平不是绝对的，不战而屈人之兵，不诉而助人之困，乃善之善者也。—来自网友收起d,0,0,0
81,04月02日 07:12,https://weibo.com/3658228113/MA4BYAj4C?refer_flag=1001030103_,临淄发布,#成龙不仅是功夫明星#说起成龙，那是无人不知，无人不晓，他不仅仅是一位功夫巨星，人品更是让人敬佩。在接待会上，成龙跪地给大爷签名，可见他做人的谦逊，和对他人的尊敬。#成龙说现在没有真正的功夫明星了#成龙在近些年的影片，大多是爱国题材，也展现出了他对祖国深沉的热爱。所以大家对成龙的印象不仅仅是热爱更是钦佩。社会热点L评城风雨的微博视频收起d, 15, 9,19
82,04月02日 06:50,https://weibo.com/7315137639/MA4t0aGSd?refer_flag=1001030103_,酸灵灵1223,#微博辟谣#无关社会热点词条内，刷量发布引战内容，使用黑称侮辱网暴他人，造谣诽谤群体及未成年，煽动网友网暴无辜艺人及粉丝群体，行为恶劣，辛苦处理！ . ​,0,0,0
83,04月02日 05:42,https://weibo.com/2745442130/MA41nuekb?refer_flag=1001030103_,手机用户2745442130,社会热点社会热点好好的一个人，就因为要去厦门市莲花医院总院戒酒，不到半天时间就被厦门市莲花医院总院的医护人员和保安人员人为重击葬送了一个人的人生！再说，最让人无法接受和理解的是厦门市莲花医院总院却关系网重重，勾结原名为（福建天泽鉴定所），做出违法违心的责任认定，做出错误认定后，福建天泽鉴定所就改名为（福建南天有限公司鉴定所）。我唯一的一个儿子是举家4代人的精神支柱和经济生活依靠。就因为厦门市莲花医院的暴行，让我一家人沉浸在极端的困境之中，为此我又求告无门！发此微博，希望能得到全社会的同情与关注。谢谢大家浏览！革命后代的一家后代确有冤无诉处。收起d,0,0,0
84,04月03日 22:30,https://weibo.com/7576125624/MAk2MBJSf?refer_flag=1001030103_,坠入陷阱的爱情,社会热点新闻O网页链接​,0,0,0
85,04月03日 22:06,https://weibo.com/3212308457/MAjTobVZr?refer_flag=1001030103_,北婆轻欢,这次希望刘小树的心宽一点。关掉社交软件，小孩不要钻牛角尖。有的辅助死个十几次照样赢比赛，冠军辅助在赛训垃圾、队伍状态整体低迷的情况下操作失误就要被送上热搜，还是大名热搜，还盖过了社会热点。不值得，真的，别太认真。 ​,0,0,0
86,04月03日 21:37,https://weibo.com/6597127452/MAjHrp1yR?refer_flag=1001030103_,某某未打烊,写小红本纯纯夹带私货 看一部好电影写无名 关注一个社会热点写小镇做题家​,0,0,0
87,04月03日 21:15,https://weibo.com/2745442130/MAjyCerMf?refer_flag=1001030103_,手机用户2745442130,社会热点社会热点社会热点好的一个人，就因为要去厦门市莲花医院总院戒酒，不到半天时间就被厦门市莲花医院总院的医护人员和保安人员人为重击葬送了一个人的人生！再说，最让人无法接受和理解的是厦门市莲花医院总院却关系网重重，勾结原名为（福建天泽鉴定所），做出违法违心的责任认定，做出错误认定后，福建天泽鉴定所就改名为（福建南天有限公司鉴定所）。我唯一的一个儿子是举家4代人的精神支柱和经济生活依靠。就因为厦门市莲花医院的暴行，让我一家人沉浸在极端的困境之中，为此我又求告无门！发此微博，希望能得到全社会的同情与关注。谢谢大家浏览！革命后代的一家后代确有冤无诉处。收起d,0,0,0
88,04月03日 20:38,https://weibo.com/6759784736/MAjjxiezb?refer_flag=1001030103_,湘大马院团委学生会,#社会热点——B站UP主发起停更潮#近日，不少B站用户发现很多自己关注许久的UP主，发布了暂时停止更新的视频，表示短期内不会再上传新的内容。多位UP主密集地公开宣布暂停更新并不多见。停更原因方面，大部分UP主均表示，平台收益减少、收支难以平衡是停止更新的主要原因。“B站的奖励机制今年进行了很大调整。”一位在B站拥有数万粉丝的UP主告诉记者，一条各项数据和去年差别不大的视频内容，B站给到创作者的收益可能只有去年的1/3~1/2。收起d,0,0,0
89,04月03日 20:22,https://weibo.com/7716576003/MAjcRyxmN?refer_flag=1001030103_,傅淇淇毅毅,#成毅电视剧底线#cy#成毅周亦安#底线聚焦社会热点，最为平常的视角刻画了那些心理中最为细腻的博弈。喜欢剧里成毅的演技！成毅莲花楼|李莲花|李相夷|南风知我意|傅云深@成毅​,0, 166,13
90,04月03日 20:18,https://weibo.com/7779072822/MAjbpaBqb?refer_flag=1001030103_,泡芙大人miko,作为一个电视剧资深爱好者想说，国产剧在十年前还是很好看的，比如辣妈正传、步步惊心、大丈夫等等，有创新也有明确的主题！（尤其是辣妈正传，讲的问题到现在依然是社会热点）现在的话，很少有这样的剧了吧除了恋爱还是恋爱，国产剧离了恋爱不能活吗​,0, 3,1
91,04月03日 19:49,https://weibo.com/2863357230/MAiZA2ADO?refer_flag=1001030103_,古朔说事,#古朔说事##社会热点事件##社会百态##新闻看点##媒体人周刊##空气污染#山西神池：塘涧煤炭集运站污染环境严重 亟待整治！L古朔说事的微博视频​, 3, 1,1
92,04月03日 19:42,https://weibo.com/2745442130/MAiWUwK4x?refer_flag=1001030103_,手机用户2745442130,社会热点社会热点善有善报，恶有恶报。。我就不相信厦门市莲花医院总院的保护伞能保他们能作恶到永远，能让他们一手遮天到永远。 ​​​,0,0,0
93,04月03日 19:40,https://weibo.com/2745442130/MAiVPtg85?refer_flag=1001030103_,手机用户2745442130,社会热点社会热点好的一个人，就因为要去厦门市莲花医院总院戒酒，不到半天时间就被厦门市莲花医院总院的医护人员和保安人员人为重击葬送了一个人的人生！再说，最让人无法接受和理解的是厦门市莲花医院总院却关系网重重，勾结原名为（福建天泽鉴定所），做出违法违心的责任认定，做出错误认定后，福建天泽鉴定所就改名为（福建南天有限公司鉴定所）。我唯一的一个儿子是举家4代人的精神支柱和经济生活依靠。就因为厦门市莲花医院的暴行，让我一家人沉浸在极端的困境之中，为此我又求告无门！发此微博，希望能得到全社会的同情与关注。谢谢大家浏览！革命后代的一家后代确有冤无诉处。收起d,0,0,0
94,04月03日 19:36,https://weibo.com/2745442130/MAiUrbirQ?refer_flag=1001030103_,手机用户2745442130,社会热点社会热点好的一个人，就因为要去厦门市莲花医院总院戒酒，不到半天时间就被厦门市莲花医院总院的医护人员和保安人员人为重击葬送了一个人的人生！再说，最让人无法接受和理解的是厦门市莲花医院总院却关系网重重，勾结原名为（福建天泽鉴定所），做出违法违心的责任认定，做出错误认定后，福建天泽鉴定所就改名为（福建南天有限公司鉴定所）。我唯一的一个儿子是举家4代人的精神支柱和经济生活依靠。就因为厦门市莲花医院的暴行，让我一家人沉浸在极端的困境之中，为此我又求告无门！发此微博，希望能得到全社会的同情与关注。谢谢大家浏览！革命后代的一家后代确有冤无诉处。收起d,0,0,0
95,04月03日 18:04,https://weibo.com/5752558880/MAij03JgO?refer_flag=1001030103_,至简视频,【带动奥运周边大爆发#1.5亿人抢购冰墩墩#】近日，中国新品消费盛典在上海展览中心举办。2022年，冰墩墩等一系列社会热点在出圈同时，带动起了一波消费热潮，冰墩墩毛绒玩具仅天猫店即被抱走400万个，吸引了1.5亿人来逛店，冰墩墩由此获得年度新品大奖。数据显示，包括冰墩墩在内，#国货新品表现超越国际品牌#。你买过冰墩墩周边吗？你会愿意尝试国货新品吗？收起d,0,0,0
96,04月03日 18:04,https://weibo.com/3755885581/MAiiP9SSx?refer_flag=1001030103_,至简财经,【带动奥运周边大爆发#1.5亿人抢购冰墩墩#】近日，中国新品消费盛典在上海展览中心举办。2022年，冰墩墩等一系列社会热点在出圈同时，带动起了一波消费热潮，冰墩墩毛绒玩具仅天猫店即被抱走400万个，吸引了1.5亿人来逛店，冰墩墩由此获得年度新品大奖。数据显示，包括冰墩墩在内，#国货新品表现超越国际品牌#。你买过冰墩墩周边吗？你会愿意尝试国货新品吗？收起d,0,0,0
97,04月03日 18:01,https://weibo.com/1029374230/MAihU5TrA?refer_flag=1001030103_,范炜,#家长为14岁娃办清华升学宴发现被骗#酒店用心了。#常州身边事##社会热点新闻#L白鹿视频的微博视频​,0,0,3
98,04月03日 17:13,https://weibo.com/6174413689/MAhY8Fixi?refer_flag=1001030103_,青晨视频,【带动奥运周边大爆发#1.5亿人抢购冰墩墩#】近日，中国新品消费盛典在上海展览中心举办。2022年，冰墩墩等一系列社会热点在出圈同时，带动起了一波消费热潮，冰墩墩毛绒玩具仅天猫店即被抱走400万个，吸引了1.5亿人来逛店，冰墩墩由此获得年度新品大奖。数据显示，包括冰墩墩在内，#国货新品表现超越国际品牌#。你买过冰墩墩周边吗？你会愿意尝试国货新品吗？收起d, 28, 28,25
99,04月03日 17:07,https://weibo.com/2348439980/MAhVEuZUK?refer_flag=1001030103_,娱圈三岁,数据显示，包括冰墩墩在内，#国货新品表现超越国际品牌#。你买过冰墩墩周边吗？你会愿意尝试国货新品吗？【带动奥运周边大爆发#1.5亿人抢购冰墩墩#】近日，中国新品消费盛典在上海展览中心举办。2022年，冰墩墩等一系列社会热点在出圈同时，带动起了一波消费热潮，冰墩墩毛绒玩具仅天猫店即被抱走400万个，吸引了1.5亿人来逛店，冰墩墩由此获得年度新品大奖。真的太给力了。收起d, 54, 53,56
100,04月03日 17:03,https://weibo.com/1029374230/MAhUf4nXQ?refer_flag=1001030103_,范炜,#江西一3岁男童从10楼坠亡#孩子太可怜了，还在装修的房子，家长就带着3岁孩子去看而且还不注意看护好孩子？#江西身边事##社会热点新闻#L百姓关注的微博视频​,0, 2,4
101,04月03日 16:58,https://weibo.com/6070641525/MAhS7cwws?refer_flag=1001030103_,大局财经,【带动奥运周边大爆发#1.5亿人抢购冰墩墩#】近日，中国新品消费盛典在上海展览中心举办。2022年，冰墩墩等一系列社会热点在出圈同时，带动起了一波消费热潮，冰墩墩毛绒玩具仅天猫店即被抱走400万个，吸引了1.5亿人来逛店，冰墩墩由此获得年度新品大奖。数据显示，包括冰墩墩在内，#国货新品表现超越国际品牌#。你买过冰墩墩周边吗？你会愿意尝试国货新品吗？收起d,0,0,0
102,04月03日 16:57,https://weibo.com/5821830480/MAhRXrkUR?refer_flag=1001030103_,快递视频,【带动奥运周边大爆发#1.5亿人抢购冰墩墩#】近日，中国新品消费盛典在上海展览中心举办。2022年，冰墩墩等一系列社会热点在出圈同时，带动起了一波消费热潮，冰墩墩毛绒玩具仅天猫店即被抱走400万个，吸引了1.5亿人来逛店，冰墩墩由此获得年度新品大奖。数据显示，包括冰墩墩在内，#国货新品表现超越国际品牌#。你买过冰墩墩周边吗？你会愿意尝试国货新品吗？收起d,0,0,0
103,04月03日 16:57,https://weibo.com/2775667691/MAhROmaID?refer_flag=1001030103_,新言财经,【带动奥运周边大爆发#1.5亿人抢购冰墩墩#】近日，中国新品消费盛典在上海展览中心举办。2022年，冰墩墩等一系列社会热点在出圈同时，带动起了一波消费热潮，冰墩墩毛绒玩具仅天猫店即被抱走400万个，吸引了1.5亿人来逛店，冰墩墩由此获得年度新品大奖。数据显示，包括冰墩墩在内，#国货新品表现超越国际品牌#。你买过冰墩墩周边吗？你会愿意尝试国货新品吗？收起d, 32, 30,28
104,04月03日 16:57,https://weibo.com/5821587877/MAhRG1uzz?refer_flag=1001030103_,江畔视频,【带动奥运周边大爆发#1.5亿人抢购冰墩墩#】近日，中国新品消费盛典在上海展览中心举办。2022年，冰墩墩等一系列社会热点在出圈同时，带动起了一波消费热潮，冰墩墩毛绒玩具仅天猫店即被抱走400万个，吸引了1.5亿人来逛店，冰墩墩由此获得年度新品大奖。数据显示，包括冰墩墩在内，#国货新品表现超越国际品牌#。你买过冰墩墩周边吗？你会愿意尝试国货新品吗？收起d, 25, 25,23
105,04月03日 16:56,https://weibo.com/1779719003/MAhRqq4c1?refer_flag=1001030103_,多维财经,【带动奥运周边大爆发#1.5亿人抢购冰墩墩#】近日，中国新品消费盛典在上海展览中心举办。2022年，冰墩墩等一系列社会热点在出圈同时，带动起了一波消费热潮，冰墩墩毛绒玩具仅天猫店即被抱走400万个，吸引了1.5亿人来逛店，冰墩墩由此获得年度新品大奖。数据显示，包括冰墩墩在内，#国货新品表现超越国际品牌#。你买过冰墩墩周边吗？你会愿意尝试国货新品吗？收起d, 32, 31,43
106,04月03日 16:52,https://weibo.com/6897044550/MAhPWbeRd?refer_flag=1001030103_,芝麻财经网,【带动奥运周边大爆发#1.5亿人抢购冰墩墩#】近日，中国新品消费盛典在上海展览中心举办。2022年，冰墩墩等一系列社会热点在出圈同时，带动起了一波消费热潮，冰墩墩毛绒玩具仅天猫店即被抱走400万个，吸引了1.5亿人来逛店，冰墩墩由此获得年度新品大奖。数据显示，包括冰墩墩在内，#国货新品表现超越国际品牌#。你买过冰墩墩周边吗？你会愿意尝试国货新品吗？收起d, 30, 30,36
107,04月03日 16:47,https://weibo.com/1771650130/MAhNUyU9l?refer_flag=1001030103_,电商在线,【带动奥运周边大爆发#1.5亿人抢购冰墩墩#】近日，中国新品消费盛典在上海展览中心举办。2022年，冰墩墩等一系列社会热点在出圈同时，带动起了一波消费热潮，冰墩墩毛绒玩具仅天猫店即被抱走400万个，吸引了1.5亿人来逛店，冰墩墩由此获得年度新品大奖。数据显示，包括冰墩墩在内，#国货新品表现超越国际品牌#。你买过冰墩墩周边吗？你会愿意尝试国货新品吗？收起d, 28, 27,33
108,04月03日 16:41,https://weibo.com/6715252094/MAhLkqGjq?refer_flag=1001030103_,五环短视频,【带动奥运周边大爆发#1.5亿人抢购冰墩墩#】近日，中国新品消费盛典在上海展览中心举办。2022年，冰墩墩等一系列社会热点在出圈同时，带动起了一波消费热潮，冰墩墩毛绒玩具仅天猫店即被抱走400万个，吸引了1.5亿人来逛店，冰墩墩由此获得年度新品大奖。数据显示，包括冰墩墩在内，#国货新品表现超越国际品牌#。你买过冰墩墩周边吗？你会愿意尝试国货新品吗？收起d, 55, 51,116
109,04月03日 16:21,https://weibo.com/5677289257/MAhCZ4EGP?refer_flag=1001030103_,Miracles-Happen-,稀碎哈哈哈哈我真的编不下去还差点笑场哈哈哈简直了社会热点我满脑子黑马情侣我总不能给老师普及女权吧哈哈哈哈笑死了我不行我一定要加强情绪控制 ​,0,0,0
110,04月03日 16:14,https://weibo.com/1029374230/MAhAlDYbU?refer_flag=1001030103_,范炜,#快递员实名举报老人被骗买高价药#作为快递员，将货物送到收件人的手中，再将货款取回就完成了作为快递员的任务。可是他却因为强烈的社会责任感，不仅提醒收件人注意上当，而且还实名举报这种诈骗老年人买高价药的行为。本来如果他不参与，他就能正常完成工作取得工作报酬，但他没有选择视而不见，而是冒着失去工作甚至更严重的风险揭露诈骗行为，避免更多老年人上当受骗。为快递员的行为点赞！通过这件事，年轻人也要告诉家中父母老人，注意这种骗局。#江苏身边事##社会热点新闻##正能量#L九派新闻的微博视频收起d,0, 1,3
111,04月03日 15:09,https://weibo.com/7780700412/MAh9RiljO?refer_flag=1001030103_,沙漏尤--,当一个事件变成社会热点时，真是一眼就能看出各位大v发博想蹭热度的心思。。我只想说：装你爹呢 ​,0,0,0
112,04月03日 15:00,https://weibo.com/2863357230/MAh69pPtQ?refer_flag=1001030103_,古朔说事,#新闻看点##社会百态##社会热点事件##宁夏万亩林场主回应跪地求供水##神华宁煤曾因废水超标排放被罚##宁夏煤业双马煤矿曾违法占地破坏林地#4月1日，宁夏，据中国三农发布报道，记者前去双马煤矿进行采访，门卫不让进称需要提前联系。拨打其办公电话又无人接听。L古朔说事的微博视频​,0,0,0
113,04月03日 14:57,https://weibo.com/6482372230/MAh5b813Q?refer_flag=1001030103_,不再有的火锅店,大学生大学生们你们都关心啥啊，社会热点啥的 ​,0,0,0
114,04月03日 13:43,https://weibo.com/2863357230/MAgB8m7dF?refer_flag=1001030103_,古朔说事,#古朔说事##记录真实生活##社会热点事件##新闻看点##媒体人周刊##社会百态#37岁设计师失业8个月跑外卖，找到工作大吼落泪：比送外卖好太多！L古朔说事的微博视频​,0,0,0
115,04月03日 13:35,https://weibo.com/1912961387/MAgxG66xM?refer_flag=1001030103_,福卡智库,GPT5智商或接近天才！人类被人工智能超越需要几步？亮点研讨形势越复杂，越要看福卡！福卡破解复杂，预判未来！针对各种疑难问题开脑洞，明思路，找方向！破解难题找福卡！福卡智库理论研究中心每周针对经济社会热点问题召开选题研讨会，进行热点、亮点讨论，为后续深入研究确定方向，给社会提供有前瞻性、独到视角的高质量研究报告。伴随着美国人工智能公司OpenAI推出ChatGPT，短短四个月的时间，有关人工智能是否会超越人类乃至取代人类的争议再次被推到风口浪尖。3月29日，特斯拉创始人埃隆•马斯克和人工智能领域顶尖专家、图灵奖得主约书亚•本吉奥等上千名科技大佬联名签署了一封公开信，呼吁暂停开发比GPT-4更强大的AI系统至少6个月，直到独立专家开发、实施和审核这一类设计的共享安全协议，因为AI系统“对社会和人类构成潜在风险”。这背后是人工智能进化的速度已经呈现出指数级进阶的迹象，并且人工智能的“智能”也在加快升级。从2018年6月GPT-1诞生到2020 年6月推出GPT-3，用了约2年的时间，参数量从1.17亿提高到1750亿，模型系统的能力从能够理解上下文提升到几乎可以完成自然语言处理的绝大部分任务，能写会画，甚至还可以预测。从2020 年6月推出GPT-3到2022年11月推出GPT-3.5支持的通用聊天机器人原型ChatGPT，用了近2年半的时间，模型系统的能力已经能够自如聊天，回答一连串的问题、承认自己的错误、质疑不正确的假设，甚至还能拒绝不合理的需求。从2022年11月推出GPT-3.5到2023年3月推出GPT-4，相隔105天，模型系统的能力已经能够把美国的模拟律师资格考试考到前10%了，并且顺利地在美国高考题（SAT考试）中拿到了进入哈佛大学的成绩。有专家认为，GPT-4的专业和学术水平接近人类。而尚未公布的GPT-5已经看完了人类网络上所有的视频(大约2000PB的容量)，可以瞬间标记出所有它看过的视频中的一切声光信息，并且可准确到每一秒。有专家称，GPT-5的智商也许接近天才级别。照这样的演进速度，看起来人工智能的能力将加快超越人类。根据人工智能的类型，人工智能的发展可以分为三个阶段，即，弱人工智能阶段（ANI，Artificial Narrow Intelligence）、强人工智能阶段（AGI，Artificial General Intelligence）、超人工智能阶段（ASI，Artificial Superintelligence）。从已经公布出来的信息看，GPT-5的推出将意味着进入强人工智能阶段。未来学家库兹韦尔曾预言，2045年人工智能超越人类智能。不过，不管是在哪一年人工智能超越人类智能，都需要实现两个跨越：一是弄清人类智能产生的机制，并且在此基础上研发出能够模拟人类大脑的算法程序。也就是说，人工智能变成超人工智能，不单单依赖于计算机技术的发展，更依赖于脑科学、心理学的发展。二是量子计算方式的突破性革命。因为传统计算是“一根筋”，而量子计算是“活脑筋”，量子计算才能够支撑更靠谱、更聪明、处理能力更强、更具自我学习、自我编程能力的超人工智能。那么，今后GPT-N将会发生什么变化？其功能将会向哪个方向演化？伴随着GPT-4的应用，对国民经济和政府将带来哪些影响？GPT-4将会在哪些方面触发国家安全？如何应对AI对国家安全带来的挑战？针对上述问题，福卡智库理论研究中心进行了深入研讨。后续会员报告将对上述问题进行详细深入分析预判。本次会议还讨论了以下问题：舆论点穴战县域城市3.0版本升级要点当奢侈品行业扁平化中俄斗转星移纵横坐标GPT迭代定律中欧政经底层逻辑民营经济需要一个风向标？政治成功三要素政治铁幕与数字互联福卡智库“福卡”取自英文“FORECAST”，意为“预测，预言”。福卡智库首创于20世纪90年代初，是由享受国务院政府特殊津贴专家、首席经济学家王德培领衔的服务多元化的智库机构。福卡智库创办以来，秉承“破解复杂，预测未来”的宗旨，坚持“客观、冷静、中性、实证、有效”的科研原则，以福卡独特的“跨界、本质、未来”视角和“穿透、合成、创新”的“智慧型文化”，破解复杂、研制方案。二十几年来，福卡智库致力于为商界、政界提供科学理性、富于前瞻性和可操作性的智力服务。经过多年的发展，我们已经形成了强大的内部团队和资源平台，在城市战略、区域规划、园区规划、高科技产业、现代服务业等方面积累大量的经验，仅度身定制的专项研究与咨询项目已有二千余项，完成了从亚行、跨企到国内各类园区、各企业集团、各级政府的相关咨询课题。福卡智库已经形成了“经济预测、破解复杂、发展战略、可行方案”四位一体、相互促进的综合优势，成为业内的知名品牌，2020年5月，入选上海市重点培育智库名单。收起d, 2,0,2
116,04月03日 13:18,https://weibo.com/1846783087/MAgqQlRqe?refer_flag=1001030103_,浮蝶君,午餐是聊八卦的好时间，短短半个小时，对社会热点、对身边人事，从调侃中来，到附和中去，拉近了距离、舒缓了关系、积累了谈资，妙哉。今日八卦是现在仍在热搜上的某人。谈笑间，叹息余，最终得出结论：赌瘾如毒瘾，入门易、剔除难。随后，Y小姐说，很久之前其身边好友亦有好赌者，亲眼所见婚宴之后，厚钞堆积，数人聚集屏风后，呼朋引伴，为赌怡情，潇洒挥霍、毫不怜惜。随后，话锋一转，这帮有钱人，现热衷高尔夫，跑遍大江南北，逍遥生活。谓之，享受生活，我等苦哈哈，为了生活。谁人懂，但与何人说。不说、不羡、不评。收起d,0,0,0
117,04月03日 13:00,https://weibo.com/1787935585/MAgjnn1ja?refer_flag=1001030103_,与众不同的心理学,【中庸之道是解决家庭矛盾最好的理念】中庸之道是解决家庭矛盾最好的理念#心理健康##社会热点##家庭关系##家庭教育##与众不同的心理学##王国荣#L与众不同的心理学的微博视频​, 3,0,1
118,04月03日 12:48,https://weibo.com/7077378449/MAgeAAVh0?refer_flag=1001030103_,大喜的菠萝,怎么老有些傻子说金晨蹭赌鬼的热度懂不懂是yxh蹭金晨的热度啊？？？一批批经常黑金晨的yxh瞬间全在发女恋视频搞话题就会没安好心拉女明星下水蹭社会热点新闻赚黑心钱倒打一耙什么都说是女方的错我呸呸呸 ​, 5, 12,219
119,04月03日 12:33,https://weibo.com/2817606190/MAg8I1au8?refer_flag=1001030103_,江西卫视,4月2日，重庆。一男子当街持刀行凶，他们挺身而出……#伤人事件##见义勇为#社会热点L江西卫视的微博视频​,0, 2,30
120,04月03日 11:52,https://weibo.com/1631250263/MAfRUEVAy?refer_flag=1001030103_,壹间好房,#律师称若爆料属实张继科或涉多项违法#这两天身边有很多女性朋友在关注讨论这件事，问我的看法，这么说吧，如果私密视频被传播，我们更应该爱护受害者，而不是纠结于为什么拍？谁拍的？谁传播不应该是谁受到惩罚吗？如果大家都保持着对受害者的关爱，而不去考虑其他，那么受害者在整个舆论中是不是可以更好的疗愈自己，这也是我们作为一个人致良知基本的体现，不分男女。女性发声的人越来越多了，这本就是个好现象，不可能一夜之间就改变了千百年的思维定势，但至少也让很多男性自忖，可以在以后关注事件本身，而不动心于其他。所以吃瓜归吃瓜，反思归反思，最终还是要知行合一的用到我们碰到的人和事上，人之所以比动物高贵，首先是因为人具有理性思考的能力，其次就是人拥有自由意志。也就是说，对于外界发生的种种事情，我们始终有权选择自己的态度、看法和反应。请保持我们的善良，让社会更美好！#关注社会热点事件#收起d,0,0,2
121,04月03日 11:43,https://weibo.com/7788236723/MAfOt1Fqf?refer_flag=1001030103_,不认识你们的我,面试的素材总是有心有旧，不光是社会热点，还有老一代的精神！好的精神，历久弥新，让你在新的环境下，有新的认知，和新的指导意义#省考面试##山东省考##山东省公务员考试##到底是考公难还是考研难#​,0, 1,0
122,04月03日 11:43,https://weibo.com/5312417366/MAfOlFspR?refer_flag=1001030103_,会飞的猪猪少女e,每次跟朋友聊社会热点他都会很认真写一篇作文​,0, 12,2
123,04月03日 11:37,https://weibo.com/2724429692/MAfM3cHTY?refer_flag=1001030103_,不自由容器,你能不能好好讲你管理经济学课啊 别整天发表你的社会热点时事政治长篇大论了好不好啊！ ​,0,0,1
124,04月03日 10:31,https://weibo.com/3100913587/MAfleuLpo?refer_flag=1001030103_,光屁股星球球长,社会热点之我见​,0,0,3
125,04月03日 10:05,https://weibo.com/6209134126/MAfaBhpFI?refer_flag=1001030103_,Tina的洗剪吹,#社会热点##追尾#女子追尾运钞车，押运员提枪下车警戒，网友：双方看起来都挺慌张。LTina的洗剪吹的微博视频​,0,0,0
126,04月03日 09:56,https://weibo.com/6405952881/MAf73pueE?refer_flag=1001030103_,清水检察,三、聚焦重点工作，挖掘宣传深度，打造增长点，以干振心“助发展”一是围绕服务大局抓宣传。紧密结合重点工作服务中心大局开展宣传，以“四大检察”工作推进为宣传重点，以干警日常办案、工作细微处为出发点，以人民群众较为关注的社会热点工作打造增长点，及时、准确、立体展示全院阶段性工作部署、工作进展、重要活动和工作成效。二是突出热点亮点抓宣传。围绕公益诉讼、落实一号检察建议等工作，积极策划“喜迎新春”“三八妇女节”“世界读书日”“六一·检爱同行”等重要时间节点宣传活动，编写节日微文，增加“两微一端”的热点和用户黏度，打好主动仗，内鼓干警干劲、外树检察形象。三是围绕队伍建设抓宣传。注重发挥检察人员中的榜样资源优势，将宣传焦点和镜头全力聚焦身边的检察榜样，全省检察机关先进个人，立功嘉奖的集体和个人，把干得出色、干出成绩的干警选树典型，引领激励干警干事创业激情，全力推进检察工作提升。收起d,0,0,0
127,04月03日 09:55,https://weibo.com/6253046960/MAf6wDBBy?refer_flag=1001030103_,Slimmsk,刷微博和抖音看到一些博主对于社会热点事件的剖析，看得太割裂了。这两个主流平台上的主流论调几乎呈现了完全对立的状态，细细想来感觉好可怕。 ​,0,0,0
128,04月03日 09:55,https://weibo.com/3905083939/MAf6rDjLN?refer_flag=1001030103_,Frankzhao89,"法硕【考研打卡】Day3   2024,风里雨里,一路同行!学习内容:危害公共安全罪3-4;于帅讲解深入浅出,言简意赅,教学风格激情、透彻、层层推进、逻辑性强,擅于结合社会热点,加深对知识的领悟!@华图法硕考研@刑法于越​​​",0,0,0
129,04月03日 09:22,https://weibo.com/6338833133/MAeTalFIw?refer_flag=1001030103_,天然呆的野猪佩奇,事实已经证明过很多次，每当一个社会热点问题出现时，对于旁观者而言，让子弹飞一会儿也许是最明智的选择。O【全网最详】旅美熊猫究竟有没有被虐待？官方反复辟谣没人听？​,0, 3,0
130,04月03日 09:20,https://weibo.com/2588125760/MAeS5h6oQ?refer_flag=1001030103_,象山发布,【全县年轻干部辩论赛开赛】#象山城事#昨天，以“青年与海·青象风采”为主题的首届“国民银行杯”象山县年轻干部辩论赛首轮比赛在县委党校开赛。来自各镇乡（街道）、机关单位的43支队伍围绕青年成长、经济发展、社会热点等话题辩论。O网页链接​,0,0,0
131,04月03日 09:00,https://weibo.com/6236535184/MAeJYE8oX?refer_flag=1001030103_,温予1640,//微博你能不能别给我推什么新闻了，通知里的社会热点推送都关了，还给我推，有饼嘛？？？还每天早上都推“哪里几口人被灭了”，无语！@微博客服@微博小秘书@微博管理员@来去之间#微博客服##微博客服#​​​,0,0,0
132,04月03日 08:05,https://weibo.com/5327221364/MAenG54bh?refer_flag=1001030103_,ddjwyajc,不再长期讨厌谁 看得见别人的好 没事不找茬 有事翻个白眼就过 对社会热点事件同样态度 什么都不能牵动我的情绪 影响我的生活 ​,0,0,0
133,04月03日 08:00,https://weibo.com/1787935585/MAelCqQUb?refer_flag=1001030103_,与众不同的心理学,【该不该让未进入青春期的孩子玩电子游戏？】引导孩子运动、对艺术、大自然感兴趣。培养孩子的挫折教育，认识到生活的多样性。跟孩子在放松自然的环境中有深度的沟通，不是说教，让孩子远离电子游戏。#心理健康##社会热点##家庭关系##抑郁症##教育##情感##与众不同的心理学##王国荣#L与众不同的心理学的微博视频收起d,0,0,1
134,04月03日 08:00,https://weibo.com/1787935585/MAelCqQCq?refer_flag=1001030103_,与众不同的心理学,【这种人可能很可怕，建议你远离他们】这种人可能很可怕，建议你远离他们#心理健康##社会热点##家庭关系##家庭教育##与众不同的心理学##王国荣#L与众不同的心理学的微博视频​,0,0,0
135,04月03日 08:00,https://weibo.com/1787935585/MAelCmrN5?refer_flag=1001030103_,与众不同的心理学,【缺乏自我肯定能力的人一定不缺乏痛苦的能力】即然选择了做有意义有价值的工作，就不要懊悔和自责，肯定自己的独特性，不因别的眼光左右自己，欣赏自己活出自己的精彩。#心理健康##社会热点##独立思考##与众不同的心理学##王国荣#L与众不同的心理学的微博视频​,0,0,2
136,04月03日 08:00,https://weibo.com/1787935585/MAelC4RA1?refer_flag=1001030103_,与众不同的心理学,【家庭教育热点话题讨论：子女是穷养好还是富养好？】家庭教育热点话题讨论：子女是穷养好还是富养好？#心理健康##社会热点##独立思考##与众不同的心理学##王国荣#L与众不同的心理学的微博视频​,0, 1,0
137,04月03日 07:40,https://weibo.com/5767402305/MAedNsgNx?refer_flag=1001030103_,法斯特未来,4月3日微语报，星期一，农历闰二月十三，工作愉快，生活喜乐！【微语】最大的幸福，就是确信有人爱你，有人因为你是你而爱你，或更确切地说，尽管你是你，有人仍然爱你。1、今年国内旅游人数预计45.5亿人次，旅游收入预计同比增长约95%。2、交通银行回应欧美银行危机影响：不会影响国际化进程。3、中国新能源乘用车销量占全球60%。4、2023国考总报名人数已突破250万，相比去年增长了50万人。5、北京市场监管部门：清明期间将严查殡葬服务违规收费。6、迪士尼旗下流媒体巨头Hulu在华裁员，大厂平均月薪5万疯抢Hulu被裁员工。7、B站UP主或因平台收益锐减发起停更潮。8、未来3天我国中东部降雨密集，内蒙古、甘肃、宁夏等地有雪。9、我国磁浮列车时速或超600公里，达高铁2倍。10、海地霍乱疫情已造成至少640人死亡。11、继美国、荷兰之后，日本也加强尖端芯片出口管制。12、法国力挺欧盟燃油车禁令，清洁能源汽车市占率超20%。#新闻##早报##社会热点#收起d,0,0,0
138,04月03日 07:10,https://weibo.com/7752504308/MAe1pg12C?refer_flag=1001030103_,反脑控成员,发布了头条文章：《佛山市南海区桂城叠南社区最大脑控组织，当地本地人联手祸害》#黑恶流氓腐败有组织残害平民脑控犯罪##黑势力##间谍活动##脑电波频率立法保护##电子精神控制武器##国家安全中心##社会热点新闻##全国举报中心##头条新闻工作室#O佛山市南海区桂城叠南社区最大脑控组织，当地本地人联手祸害​, 1,0,1
139,04月03日 05:06,https://weibo.com/2745442130/MAddabpXk?refer_flag=1001030103_,手机用户2745442130,社会热点善有善报，恶有恶报。。我就不相信厦门市莲花医院总院的保护伞能保他们能作恶到永远，能让他们一手遮天到永远。 ​,0,0,0
140,04月03日 04:38,https://weibo.com/2745442130/MAd1S95rT?refer_flag=1001030103_,手机用户2745442130,社会热点社会热点厦门市莲花医院总院简直是人间的地狱，好走进去介戒酒，不到8个小就躺着出来。问题是该医院又不承担责任，理直气壮。厦门市莲花医院总院到底是何方神圣所开，做那么多伤天害理的大事件还能能只手遮天。 ​​​受害者又求告无门，非要每个受害者非去耗巨资请律师，请各家鉴定机构。花不起钱的受害者不就要永远沉冤吗？收起d,0,0,0
141,04月04日 22:30,https://weibo.com/2745442130/MAttweg1J?refer_flag=1001030103_,手机用户2745442130,社会热点社会热点善有善报，恶有恶报。。我就不相信厦门市莲花医院总院的保护伞能保他们能作恶到永远，能让他们一手遮天到永远。 ​​​,0,0,0
142,04月04日 22:29,https://weibo.com/2745442130/MAtt3AxcP?refer_flag=1001030103_,手机用户2745442130,社会热点热门快播社会热点好的一个人，就因为要去厦门市莲花医院总院戒酒，不到半天时间就被厦门市莲花医院总院的医护人员和保安人员人为重击葬送了一个人的人生！再说，最让人无法接受和理解的是厦门市莲花医院总院却关系网重重，勾结原名为（福建天泽鉴定所），做出违法违心的责任认定，做出错误认定后，福建天泽鉴定所就改名为（福建南天有限公司鉴定所）。我唯一的一个儿子是举家4代人的精神支柱和经济生活依靠。就因为厦门市莲花医院的暴行，让我一家人沉浸在极端的困境之中，为此我又求告无门！发此微博，希望能得到全社会的同情与关注。谢谢大家浏览！革命后代的一家后代确有冤无诉处。收起d,0,0,0
143,04月04日 22:16,https://weibo.com/2863357230/MAtnUepSW?refer_flag=1001030103_,古朔说事,#古朔说事##社会热点事件##媒体人周刊##新闻看点##社会百态##城管微讯##长沙爆料#大冷天，城管喷水驱赶摆摊的老百姓，一位被喷的女人撕心裂肺地哭喊！它们太欺负人、太坏了！简直被比侵华的日本鬼子还坏！L古朔说事的微博视频​,0,0,0
144,04月04日 21:51,https://weibo.com/6420664171/MAtdzyrJD?refer_flag=1001030103_,cc高速公路折返的松鼠,吴慷仁真的太有魅力了叭！华灯初上的妈妈桑 俗女的小叔 与恶的律师 再到模仿犯的检察官 太会演了！我发誓我一定要把一把青看一遍！湾湾近几年的剧真的都在聚焦社会热点 很不错！#台剧模仿犯#吴慷仁​,0, 6,1
145,04月04日 21:19,https://weibo.com/2745442130/MAt0JaeH4?refer_flag=1001030103_,手机用户2745442130,社会热点热门快播社会热点好的一个人，就因为要去厦门市莲花医院总院戒酒，不到半天时间就被厦门市莲花医院总院的医护人员和保安人员人为重击葬送了一个人的人生！再说，最让人无法接受和理解的是厦门市莲花医院总院却关系网重重，勾结原名为（福建天泽鉴定所），做出违法违心的责任认定，做出错误认定后，福建天泽鉴定所就改名为（福建南天有限公司鉴定所）。我唯一的一个儿子是举家4代人的精神支柱和经济生活依靠。就因为厦门市莲花医院的暴行，让我一家人沉浸在极端的困境之中，为此我又求告无门！发此微博，希望能得到全社会的同情与关注。谢谢大家浏览！革命后代的一家后代确有冤无诉处。收起d,0,0,0
146,04月04日 21:13,https://weibo.com/2863357230/MAsYlqtPU?refer_flag=1001030103_,古朔说事,#古朔说事##媒体人周刊##新闻看点##社会热点事件##社会百态##宋亚轩看足球赛##中国足协党委书记杜兆才被查##嘲讽中国足球也该有底线#商业传奇宋卫平成中国足球的一股清流#体育达人成长计划[话题]#L古朔说事的微博视频​,0,0,0
147,04月04日 19:18,https://weibo.com/2463748525/MAsdA5DgZ?refer_flag=1001030103_,却话巴山夜雨时___,吃麻辣烫，旁边的妈妈在和小学的女儿讲一百多年来的女性解放，从女性发型讲到社会热点，希望有更多这样的妈妈。（虽然她说上海的大学里最好的是上大和华师大） （我的意思是这两个大学也很好…） ​,0, 12,47
148,04月04日 19:02,https://weibo.com/6294431966/MAs76tWa4?refer_flag=1001030103_,最搞短视频,#张继科##社会新闻#张继科父母运作的体育经纪公司已注销， 母亲为实控人父亲为监事L最搞短视频的微博视频​,0,0,0
149,04月04日 18:59,https://weibo.com/3653703037/MAs5RD5xh?refer_flag=1001030103_,北票666,我发布了：@快手热点感恩遇见快手平台，感谢官方的每一次推广谢谢官方，在快手带你看世界社会热点奇闻趣事，理性观看友善交友，不传谣不信谣，中俄友谊天长地久，团结合作共同发展维护世界和平，期待... ##快手#@快手L神秘人科谱的快手视频​,0,0,0
150,04月04日 17:53,https://weibo.com/1095113683/MArFc9k1l?refer_flag=1001030103_,小V张城川,#苏珊米勒4月星运#截至今晚，苏珊4月星运中文版全部发布完毕，感兴趣可以对照查看。其中水瓶 双子 狮子三个星座应该是AI翻译然后人工整理的，稍后会再发一个人工译者的版本，读起来更有感情一些。另，最近我微博发的社会热点较多，不感兴趣翻过即可。自己喜欢的微博动动爪爪多转评赞，我的转评赞太低了。明天5号，9点左右清明节气  也正式进入辰月，又有一部分人的运势将有改变。大家吉祥如意。挑选天气晴朗 艳阳高照的日子多出门踏青，远眺，多看看绿草 红花 晴空 白云，把注意力从电子屏幕上转移到自然万物上，开阔心胸 调整情绪，对于松弛神经  养肝护肝大有裨益。收起d,0,0,11
151,04月04日 17:26,https://weibo.com/1029374230/MArtX4iHB?refer_flag=1001030103_,范炜,#房东以闰月为由找租客多交一个月租金#真是太离谱了，竟然还能用闰月为由多要钱的。成都一房东不仅提前找租客收房租，还以闰月为由找租客多要一个月的房租。#成都身边事##社会热点新闻#L范炜的微博视频​,0, 1,1
152,04月04日 16:45,https://weibo.com/7827468877/MArdxFhiX?refer_flag=1001030103_,微识读书书籍分享,在成为“刑法网红”之后，罗老师也开始了反思，他将过去两年间，对一些社会热点案件的解读，以及关于法治、人生、阅读的思考集成了这本新的法律随笔集——《法治的细节》。这是一本适合所有人阅读的法学随笔，罗翔老师用法律的思维与视角去自省，去看待这个世界，理性的探讨之余不乏人文关怀的温暖。#书籍推荐#O网页链接收起d,0,0,0
153,04月04日 16:32,https://weibo.com/1029374230/MAr849bAq?refer_flag=1001030103_,范炜,#警方通报男子在大唐不夜城猥亵女性#女子发视频曝光自己在大唐不夜城观看演出时，一男子疑似对多名女性进行猥亵。警方通报该男子60岁，已被抓获，处十五日拘留。建议以后遇到这种事，除了要报警，也要大声斥责，猥亵女性反正也不在乎自己的脸面了。#西安身边事##社会热点新闻#L范炜的微博视频收起d, 2,0,9
154,04月04日 16:27,https://weibo.com/1029374230/MAr6dbgNc?refer_flag=1001030103_,范炜,#女子称带娃看病医生全程低头玩手机#重庆一女子称自己带孩子看病时，看诊医生全程低头玩手机下象棋。不仅全程没有抬头看孩子，甚至连患者名字都输错。女子很担心医生因为不专心而开错药。当地卫健委称，已经记录此事，会查该医生有没有行医资格，也会规范诊疗过程。#重庆身边事##社会热点新闻#L范炜的微博视频收起d,0, 2,3
155,04月04日 16:24,https://weibo.com/1029374230/MAr4L4VEW?refer_flag=1001030103_,范炜,#殡仪店因放置锡箔元宝被行政处罚#浙江湖州长兴县长兴居安殡仪用品店因销售封建迷信殡葬用品，被长兴县综合执法局行政处罚。#湖州身边事##社会热点新闻#L范炜的微博视频​,0,0,0
156,04月04日 16:00,https://weibo.com/2745442130/MAqV7xq5x?refer_flag=1001030103_,手机用户2745442130,热门快播社会热点好的一个人，就因为要去厦门市莲花医院总院戒酒，不到半天时间就被厦门市莲花医院总院的医护人员和保安人员人为重击葬送了一个人的人生！再说，最让人无法接受和理解的是厦门市莲花医院总院却关系网重重，勾结原名为（福建天泽鉴定所），做出违法违心的责任认定，做出错误认定后，福建天泽鉴定所就改名为（福建南天有限公司鉴定所）。我唯一的一个儿子是举家4代人的精神支柱和经济生活依靠。就因为厦门市莲花医院的暴行，让我一家人沉浸在极端的困境之中，为此我又求告无门！发此微博，希望能得到全社会的同情与关注。谢谢大家浏览！革命后代的一家后代确有冤无诉处。收起d,0,0,0
157,04月04日 15:55,https://weibo.com/2745442130/MAqT6kCuz?refer_flag=1001030103_,手机用户2745442130,热门快播社会热点好的一个人，就因为要去厦门市莲花医院总院戒酒，不到半天时间就被厦门市莲花医院总院的医护人员和保安人员人为重击葬送了一个人的人生！再说，最让人无法接受和理解的是厦门市莲花医院总院却关系网重重，勾结原名为（福建天泽鉴定所），做出违法违心的责任认定，做出错误认定后，福建天泽鉴定所就改名为（福建南天有限公司鉴定所）。我唯一的一个儿子是举家4代人的精神支柱和经济生活依靠。就因为厦门市莲花医院的暴行，让我一家人沉浸在极端的困境之中，为此我又求告无门！发此微博，希望能得到全社会的同情与关注。谢谢大家浏览！革命后代的一家后代确有冤无诉处。收起d,0,0,0
158,04月04日 15:03,https://weibo.com/6213440099/MAqxSbaGQ?refer_flag=1001030103_,海晏看故宫,#海晏推荐的书#推荐大家入博雅小学堂的新闻课，太厉害了，让专家讲给你社会热点评析，孩子们的疑问，一网打尽。科技 国内 国内  商业  四个主题一起买，不要偏颇啊，特别棒👍海晏看故宫​,0,0,0
159,04月04日 14:59,https://weibo.com/5089791176/MAqwthxJB?refer_flag=1001030103_,--------纪由,慌慌张张点进热搜愣住突然松了一口气，终于不用关注社会热点事件了，我就喜欢呆在信息茧房里做一个无知的追星女​,0,0,0
160,04月04日 14:45,https://weibo.com/3905083939/MAqqDAt1c?refer_flag=1001030103_,Frankzhao89,"法硕【考研打卡】Day4 2024,风里雨里,一路同行!学习内容:破坏社会主义市场经济秩序罪1-4;于帅讲解深入浅出,言简意赅,教学风格激情、透彻、层层推进、逻辑性强,擅于结合社会热点,加深对知识的领悟!@华图法硕考研@刑法于越​​​",0,0,0
161,04月04日 14:31,https://weibo.com/6579088998/MAqlalYWQ?refer_flag=1001030103_,就爱听现场,#张继科的声明若有违事实是否需担责#近日张继科事件对舆论风向的影响十分恶劣，不仅仅是因为当事人是知名运动员、女明星，更重要的是还涉及到了赌博、借贷、女性隐私、造谣等多个社会热点问题。对此，张继科两次发声否认，若事情成立，张继科该承担何种法律责任？如今发布声明是公众人物回应热点事件的常用形式，公众人物工作室发布的声明是否具有法律效力？若声明中有违背事实的内容，是否需要负法律责任？若爆料为实，张继科传播他人私密视频可能构成侵犯他人隐私。张继科的债主向女明星勒索财物，极有可能构成了敲诈勒索罪。工作室发布的声明一般用于对公众表态，只是一种对外公开的解释，不具有法律效力。即使绯闻是真的，发布消息的人也有可能承担责任，可能成立名誉权侵权。希望此事能早日查清，给大家一个交代。收起d,0,0,0
162,04月04日 14:02,https://weibo.com/5515542833/MAq9i09sN?refer_flag=1001030103_,黑眼圈的话唠基地,最近确实对什么所谓的“社会热点”不太关注了，最多就是看几眼，反正又能怎样呢。。。唉，不如及时行乐，脑袋空空还没这么烦。。。 ​,0,0,0
163,04月04日 13:57,https://weibo.com/1029374230/MAq768Wid?refer_flag=1001030103_,范炜,#300一杯天价柠檬茶商家被罚20万#虚假宣传，扰乱市场。在店内标注300元一杯，在某平台实际只需不到30元。这是在利用价格差来迷惑消费者去购买？一些帮助宣传推广的人是不是也应该被处罚？#上海身边事##社会热点新闻##天价柠檬茶称原料800一斤实际仅百元#L老板联播的微博视频​,0,0,0
164,04月04日 13:34,https://weibo.com/3622077864/MApXVjwOq?refer_flag=1001030103_,小芋圆牛奶,上午和我爸就孔乙己脱不下长衫等一系列社会热点激烈辩论了俩小时 差点没把我气死​,0,0,1
165,04月04日 13:29,https://weibo.com/1029374230/MApVHAljC?refer_flag=1001030103_,范炜,#妇联回应女孩被带去卖头发大哭不止#重庆永川，一名小女孩高高兴兴地跟着奶奶去理发，结果却被奶奶带去路边卖头发。剪走头发的人声称给了小女孩奶奶500元，女孩奶奶则在一旁拿着孙女的书包看着，小女孩则在不停地哭。不能用这样的行为就判定奶奶不爱孙女，但明显卖头发的行为奶奶没有征得小女孩的同意。没有关注孙女的心理会不会受到伤害，更是失去了孩子对长辈的信任感。小女孩这个年龄也到了爱美的时候，剪头发的人为了自己的利益贴着小女孩的头皮去削头发，完全不在乎最后留给小女孩的是怎样的发型。可是作为亲属的奶奶不能不在乎不考虑。虽然不知道小女孩的家庭经济状况如何，可在有成年人，并且没有完全丧失劳动力的情况下，生活再难也不能把重担放在一个孩子身上。看到有人评论说“没有经历过没钱日子的人不要评论了，500块可能是一个贫困家庭一个月的生活费”，诚然500元在不同的人眼中意义不同，但今天可以不经过小女孩的同意，从她身上通过剪头发的方式索取500块，那么以后小女孩身上如果存在更有价值的东西，是不是也能不经过同意就拿走或者换取？小女孩是未成年人不代表她没有处置自己头发的权利。#重庆身边事##社会热点新闻#L巨浪视频的微博视频收起d, 2, 1,1
166,04月04日 13:08,https://weibo.com/5224444449/MApNjh0KH?refer_flag=1001030103_,Aslan,#受害者不应成为话题焦点#无论是男性受害者还是女性受害者，都是受害者，其信息都应该得到保护，尤为警惕的，是在社会热点中，把“女性”做标题博眼球，挑起对立的行为。#请保护受害者信息##女性社会压力比男性大##不要让受害者成为话题焦点##不要让女性成为话题焦点##保护女性##请法律保护女性#​,0,0,0
167,04月04日 13:00,https://weibo.com/1787935585/MApJT7hEQ?refer_flag=1001030103_,与众不同的心理学,【如何有效的预防吵架？】如何有效的预防吵架？#心理健康##社会热点##家庭关系##社会伦理##教育##与众不同的心理学##王国荣#L与众不同的心理学的微博视频​,0,0,0
168,04月04日 12:17,https://weibo.com/6130805760/MApsx8yaf?refer_flag=1001030103_,今时教育公考咨询,🌤𝙝𝙖𝙫𝙚 𝙖 𝙣𝙞𝙘𝙚 𝙙𝙖𝙮 ♡🌻2023年 4月4日，星期二👉『今时教育』带你走进社会，关注热点，掌握动态，洞察重点，精彩一天‼️少年易老学难成，一寸光阴不可轻#教育热点关注##社会热点新闻#昌吉​,0,0,0
169,04月04日 12:15,https://weibo.com/6673199485/MAprUasvU?refer_flag=1001030103_,炸鸡奶茶好味每天都想吃,舍友作业要选一个主题，舍友本来想做女性主题但是因为社会热点很容易被老师说过激给pass了😔 ​,0,0,0
170,04月04日 12:07,https://weibo.com/2745442130/MApovugne?refer_flag=1001030103_,手机用户2745442130,社会热点善有善报，恶有恶报。。我就不相信厦门市莲花医院总院的保护伞能保他们能作恶到永远，能让他们一手遮天到永远。 ​​​,0,0,0
171,04月04日 12:06,https://weibo.com/2745442130/MApog5c3S?refer_flag=1001030103_,手机用户2745442130,社会热点好的一个人，就因为要去厦门市莲花医院总院戒酒，不到半天时间就被厦门市莲花医院总院的医护人员和保安人员人为重击葬送了一个人的人生！再说，最让人无法接受和理解的是厦门市莲花医院总院却关系网重重，勾结原名为（福建天泽鉴定所），做出违法违心的责任认定，做出错误认定后，福建天泽鉴定所就改名为（福建南天有限公司鉴定所）。我唯一的一个儿子是举家4代人的精神支柱和经济生活依靠。就因为厦门市莲花医院的暴行，让我一家人沉浸在极端的困境之中，为此我又求告无门！发此微博，希望能得到全社会的同情与关注。谢谢大家浏览！革命后代的一家后代确有冤无诉处。收起d,0,0,0
172,04月04日 11:59,https://weibo.com/1029374230/MAplvClmC?refer_flag=1001030103_,范炜,#女子睡醒发现房顶被吹走#房顶是铁皮的，所以遇到大风被吹跑了。如果墙和地面也是铁皮的，大风一吹把人都吹跑了。#淮北身边事##社会热点新闻#L麦穗视频的微博视频​,0,0,0
173,04月04日 11:56,https://weibo.com/1029374230/MApjYuAiF?refer_flag=1001030103_,范炜,#马斯克将推特图标换成柴犬#不知道最终的结果会不会不了了之，但狗狗币是涨了。玩儿的就是心跳#马斯克##推特##社会热点新闻#L范炜的微博视频​,0,0,1
174,04月04日 11:14,https://weibo.com/7713423383/MAp36avpm?refer_flag=1001030103_,圆滚滚的胖橘猫,60岁退休教师在医院做保洁月薪3000元，“找不到其他活，年龄超了”#社会百态#民生关注#老百姓关心的话题#社会热点L圆滚滚的胖橘猫的微博视频​,0, 1,0
175,04月04日 11:13,https://weibo.com/7802164213/MAp2NdzDH?refer_flag=1001030103_,大众头条,#受害者不应成为话题焦点#近期，张继科话题持续发酵，特别是某记者频繁爆料细节更是将舆论推向高位，因其内容直接点出某位女性，更是让其持续承受了巨大压力。与此同时，以往一些社会热点中以“看过，加微信”名义利用假视频牟利不良现象再现，更为恶劣的是，充斥着大量这位女性完了的评论，给他人造成进一步伤害。长期以来，受害者在一些热点事件中往往成为了焦点，就拿此事来说，虽然目前不能证明爆料为真，但正如一些网友评论的那样，网传的神秘S先生讳莫如深，却指名道姓这名女性，甚至有的文章里，还表示出S先生很委屈的感觉，这是什么逻辑和道理！在以往热点中，也存在着受害者隐私信息被暴露在网上，供人品评论足，施害人隐私信息却很少流传的现象，诚然，个人隐私信息都该受到保护，但长期以来存在的受害者成为焦点现象，必须纠正！特别要强调的是，无论是男性受害者还是女性受害者，都是受害者，其信息都应该得到保护，尤为警惕的，是在社会热点中，把“女性”做标题博眼球，挑起对立的行为。最后，希望此次事件中受到伤害的某位女性，能够尽快走出阴影，振作起来，开辟自己事业的新天地！收起d, 55, 73,1214
176,04月04日 09:31,https://weibo.com/7261545823/MAonpdIf1?refer_flag=1001030103_,姚凌宇,#中央政法委长安剑评张继科事件##张继科的声明若有违事实是否需担责#张继科事件对舆论风气的影响非常坏，不但当事人是知名运动员、女明星。更重要的是涉及到赌博、借贷、女性隐私、造谣等多个社会热点问题，若不及时查清，贻害无穷。如果张继科事件披露为真，那么他的行为已经涉及到违法犯罪，有关部门应严肃处理。若为假，则应该及时追究造谣者责任，还清朗网络环境。我始终认为，作为公众人物，就应该担起相应的责任，严守道德法律标准，积极传播正能量，引导网络文明健康有序发展，引导文化潮流积极向上。现在互联网越来越发达，公众人物的一言一行都有可能在互联网上放大，所以更应该注意自己的言行举止，营造良好的风气与氛围。#鸿儒计划#收起d, 20, 23,496
177,04月04日 09:30,https://weibo.com/5643956628/MAomDBYkT?refer_flag=1001030103_,刺猬实习,实习#线上实习#刺猬的线上实习#澎湃新闻招聘岗位：时事中心政治新闻部实习生工作内容：新闻采访报道相关工作。岗位要求：1、对时政新闻、社会新闻和人物报道感兴趣；2、新闻敏感性强，懂得捕捉社会热点，积极主动找选题；3、能够配合采访，独立成稿，认真靠谱；4、有报道经验的优先考虑，专业不限；5、实习时间可以根据自身时间灵活安排，至少3个月以上。待遇：稿件署名，可开澎湃新闻实习证明（没有实习补贴）。地点： 不限，接受线上邮箱：wuyi@thepaper.cn邮件主题：【姓名-应聘岗位】收起d,0,0,1
178,04月04日 09:21,https://weibo.com/2794506942/MAoj6Cb12?refer_flag=1001030103_,张无案,#中央政法委长安剑评张继科事件#“搬来小板凳吃瓜”是网友的普遍心态，“吃瓜都吃不明白”更是网友的普遍状态。尤其是碰到多少沾点法律+娱乐圈的社会热点，捕风捉影、过度臆想、阴谋论才是网友喜闻乐见的内容。希望有关部门理解一下，切实肩负起职责，扫清网上的一地鸡毛。不然你说这事儿赖谁？赖知识的诅咒？收起d,0,0,1
179,04月04日 08:51,https://weibo.com/5375163534/MAo6OwG8u?refer_flag=1001030103_,行者骑兵,社会热点@行者骑兵: 因工伤残人员的伤残补偿款不是唐僧肉 ，决不能搞层层扒皮政策 ，伤残补偿款是伤残人的救命钱，也是伤残人今后生活的唯一保障，更是伤残人生存下去的希望，黑龙江省社保厅王处长截留克扣因工伤残人员补偿款，这就是在已经因工致残的劳动者身体上又剜走了一块肉 ，伤残人生活难呢，但伤残人也想活呀，利用公权截留克扣伤残人补偿款的官员是万恶之首。收起d,0, 6,0
180,04月04日 08:00,https://weibo.com/1787935585/MAnM6F9E6?refer_flag=1001030103_,与众不同的心理学,【混得很差的人到底是能力差还是运气差】努力勤奋，勤于思考，勤于学习，这才是努力最正确的途径！经常思考！训练大脑！#心理健康##社会热点##独立思考##与众不同的心理学##王国荣#L与众不同的心理学的微博视频​,0,0,0
181,04月04日 08:00,https://weibo.com/1787935585/MAnM6BRjU?refer_flag=1001030103_,与众不同的心理学,【认清形势，才能发展自己】认清形势，才能发展自己#心理健康##社会热点##独立思考##与众不同的心理学##王国荣#L与众不同的心理学的微博视频​,0,0,0
182,04月04日 08:00,https://weibo.com/1787935585/MAnM6ALg3?refer_flag=1001030103_,与众不同的心理学,【与你脸上的小豆豆握手言和】青春痘有生理和心里方面的原因，不要焦虑，相信科学，用合理的方式释放能量，接受它的存在与其和平共处，调整生活，慢慢会减少。#心理健康##社会热点##独立思考##与众不同的心理学##王国荣#L与众不同的心理学的微博视频​,0,0,0
183,04月04日 07:49,https://weibo.com/7752504308/MAnHEobuA?refer_flag=1001030103_,反脑控成员,发布了头条文章：《每日更新-黄龙先生被佛山最大的远程电子武器伤人事件全过程》#黑恶流氓腐败有组织残害平民脑控犯罪##脑电波频率立法保护##电子精神控制武器##国家安全中心##电子精神伤害##全国举报中心##每天举报一分钟##社会热点新闻#O每日更新-黄龙先生被佛山最大的远程电子武器伤人事件全过程​, 1, 1,0
184,04月04日 07:08,https://weibo.com/6600454939/MAnqZA4Zc?refer_flag=1001030103_,环球历史地理,为公交车司机点赞##老百姓关心的话题##社会热点事件##传递正能量让世界充满爱##正能量##短视频创业#L环球历史地理的微博视频​,0,0,0
185,04月04日 07:06,https://weibo.com/1358776365/MAnqy7rUi?refer_flag=1001030103_,老徐时评,#中央政法委长安剑评张继科事件#如果每一个社会热点事件，都需要最高层一锤定音，那么只能说舆论环境是不正常的，缺少多个角度多元化的声音。当媒体的深度报道越来越少的时候，带节奏偏听偏信，也就不足为奇了。#v光计划#​, 21, 45,368
186,04月04日 05:47,https://weibo.com/5879046669/MAmUfAsUh?refer_flag=1001030103_,一枚果子吖吖,#成毅周亦安#cy#成毅电视剧底线#在《底线》这部剧中，让我真真切切的有了“以心换心”的机会，感受公正，感受人性温度，聚焦社会热点，最为平常的视角刻画了那些心理中最为细腻的博弈。成毅在《底线》里把周亦安法官的傲娇八卦，机灵可爱，热血有正义感诠释的很好，向所有法律工作者致敬！成毅 底线|周亦安|莲花楼|李莲花|李相夷|沉香如屑.沉香重华|应渊|唐周|玄夜|南风知我意|傅云深@成毅L一枚果子吖吖的微博视频收起d,0, 108,6
187,04月04日 02:55,https://weibo.com/1832442564/MAlMFa6RL?refer_flag=1001030103_,服务全民传递正义,社会热点O网页链接​,0,0,0
188,04月04日 00:16,https://weibo.com/6139788874/MAkJXd2pb?refer_flag=1001030103_,手可摘星辰也可摘几把,虽然我平时其实也很烦现在网络上打女拳有点太over了，什么事都上升到性别对立，动不动就吵起来，诸如不要靠近男人会变得不幸之类……但看到#S先生是谁#和“景甜是无辜的”同时挂在热搜上，有一说一打女拳还是很有用的，社会热点女性意识觉醒。从作恶者、到加害者、到推手，抓一个是一个，谁都别想从羞辱女性里面隐身。收起d,0, 5,10
189,04月05日 22:46,https://weibo.com/2863357230/MAD0u7AcB?refer_flag=1001030103_,古朔说事,#古朔说事##社会百态##社会热点事件##新闻看点##媒体人周刊#这不是开会，这是语言艺术的手把手教学#热播电视剧[话题]##电视剧推荐[话题]##影视解说[话题]##扫黑风暴[话题]#O网页链接​,0, 1,0
190,04月05日 22:40,https://weibo.com/1944708131/MACXZB1oH?refer_flag=1001030103_,红苹果财经,中电科回应：痛批强制加班员工非集团员工。想想这事确实不像发生在中电科，因为中国电科毫无疑问是国有企业，国企相对来说还是比较规范的，不会这么要求员工加班。那这事为什么会快速形成社会热点呢？因为确实存在这样的加班现象，这位“勇士”说出了很多员工想说而不敢说的话，让大家间接的解气了一回……收起d,0,0,0
191,04月05日 22:35,https://weibo.com/7010763109/MACW5phOe?refer_flag=1001030103_,我从来没去过NYC,面对社会热点、纠纷，疑难案件，法律人需要的不是抢媒体头条，而是慢半拍说话；需要的不是化身正义女神的激情，而是抽丝剥茧、由此及彼、换位思考的理性。——西南政法大学校长 付子堂 ​, 9, 1,75
192,04月05日 22:16,https://weibo.com/7558707956/MACOeD8t3?refer_flag=1001030103_,松软耶馅,突然很想看高中经常买的某本杂志，上面还标有港币价格，社会热点评论类的，就是记不清名字了，有点难受​,0,0,0
193,04月05日 21:53,https://weibo.com/7542474284/MACEPpAlH?refer_flag=1001030103_,用户7542474284,社会热点O网页链接​,0,0,0
194,04月05日 21:52,https://weibo.com/7673525459/MACEr7u4L?refer_flag=1001030103_,贝叶斯公式100,中电科这截图看起来真的很假，整个截图除了主角，其他同事回应也过于流畅了，暂时先看看，比较窒息的是我上面试班的老师把这个事儿当社会热点来讲了，咱就是说面试谈造谣吗​,0, 1,2
195,04月05日 21:15,https://weibo.com/6770169571/MACpyANkp?refer_flag=1001030103_,wx星梦,#张艺凡江河之上##张艺凡袁笑笑#将蛛丝马迹一一列出🧩以抽丝剥茧的方式推理一切线索，可爱团宠五妹@张艺凡准备就绪⛓️沉浸式推理，探寻真相，紧扣社会热点，守护正义💜 ​,0,0,1
196,04月05日 21:01,https://weibo.com/6622558401/MACjI7iHd?refer_flag=1001030103_,馨妍睡不醒wx,#张艺凡女子推理社##张艺凡一起露营吧#将蛛丝马迹一一列出🧩以抽丝剥茧的方式推理一切线索，可爱团宠五妹@张艺凡准备就绪⛓️沉浸式推理，探寻真相，紧扣社会热点，守护正义💜 ​,0, 31,145
197,04月05日 20:41,https://weibo.com/1623822990/MACbM7Eec?refer_flag=1001030103_,您的洪小小,“卧槽，我被绿了？”广东深圳，一男子凌晨左右，路过某酒吧门口，看到一女人穿着性感和一个男人搂搂抱抱，过程十分亲密。男子也是不禁感慨，现在的女人也真是放得开，大街上都敢这样，谁要是娶了不得倒八辈子霉，由于性感的身姿让他多看了几眼。男的看看路过的美女很正常，心情愉悦嘛，但男子看着那女子，怎么看怎么都觉得好熟悉，这身高，这侧脸，好像在哪里见过。于是便又走进了些，这个角度刚刚好，却又让他顿时傻眼了，这女人竟然是自己刚订婚两天的未婚妻！暗自怀疑“卧槽，我被绿了？”此时的男子发现自己就这样莫名其妙的被绿了，那还了得，是个男人就咽不下这口气，刚才还暗自感叹，谁娶了这个女人倒八辈子霉，没想到这么快就灵验了。瞬间冲上去拉住未婚妻，并质问“这个男的是谁？”。而未婚妻也是被突如其来的未婚夫惊到了，看着未婚夫此时的愤怒表情，低下头来，显然也是不知道该怎么解释这个场面。“我现在问你，他是谁，你在干嘛呢，你说不说，你是在逼我动手吗？”男子此时已经愤怒到了不可描述的心情，竟然不给出一句合理的解释，那就是默认了该男子自己的猜想。还好，女的没说今天上愚人节快乐…意想不到的是，未婚妻刚才搂抱亲昵的男子，此时竟然还故意挑衅生气的男子，又去抱了一下男子的未婚妻，甚至还爆粗口，觉得眼前的男人才是莫名其妙的发神经。这种情形，显然是不能再以只动口不动手的局面了，势必要展示一下谁的身手更好，索性是被旁边的人拦了下来。后来经过警方的协调，两人情绪也是稳定了下来。从法律的角度来看，虽然未婚妻与该男子订了婚，但此时并不是正式的夫妻关系，那么也无权干涉未婚妻的自由，不是有那个什么事件叫“最后一晚，结束单身的放荡不羁”。所以，该女子的行为，只能以违背道德底线来评判，却算不得违法。其实，我要是该男子，应该是庆幸的，实在是气不过，在不犯法的情况下，让认识她的人都知道，这个做法说真的，虽然解恨，但可能有点过分！￼俩人的婚礼怕是不能如期举行了，当街抓到证据，所以有权要求未婚妻退还彩礼。若是预定了酒席或者其他损失费用就没办法了，这种情况也不存在要求赔偿精神损失费。不管怎么说，及时止损icon还算幸运的，要是结了婚才发现，一切都晚了。此时这种情况，已经没必要再多问了，因为任何答案都已经解决不了现在的问题，有些人不值得！结婚对象，一定要了解她的人品，而不是敷衍了事的过日子，像那种经常去酒吧的女子，千万不要娶回家，以免被绿了，彩礼白给了，人财两空的时候，才是后悔莫及。家人们谁懂啊，还没结婚就要被约束，婚姻到底给女生带来什么呀…#随手拍#晚安#遇见美好##打工人##情感#天天鸡汤#刘亦菲#刘亦菲#新闻##社会热点#收起d,0,0,2
198,04月05日 20:36,https://weibo.com/2745442130/MAC9zfuy3?refer_flag=1001030103_,手机用户2745442130,社会热点好的一个人，就因为要去厦门市莲花医院总院戒酒，不到半天时间就被厦门市莲花医院总院的医护人员和保安人员人为重击葬送了一个人的人生！再说，最让人无法接受和理解的是厦门市莲花医院总院却关系网重重，勾结原名为（福建天泽鉴定所），做出违法违心的责任认定，做出错误认定后，福建天泽鉴定所就改名为（福建南天有限公司鉴定所）。我唯一的一个儿子是举家4代人的精神支柱和经济生活依靠。就因为厦门市莲花医院的暴行，让我一家人沉浸在极端的困境之中，为此我又求告无门！发此微博，希望能得到全社会的同情与关注。谢谢大家浏览！革命后代的一家后代确有冤无诉处。收起d, 1,0,0
199,04月05日 20:14,https://weibo.com/7603224961/MAC0Ml8cL?refer_flag=1001030103_,恋凡屿山岛,#张艺凡女子推理社#zyf#张艺凡运动者联盟#将蛛丝马迹一一列出🧩以抽丝剥茧的方式推理一切线索，可爱团宠五妹@张艺凡准备就绪⛓️沉浸式推理，探寻真相，紧扣社会热点，守护正义💜 ​,0,0,0
200,04月05日 20:01,https://weibo.com/7557626714/MABVr6rj8?refer_flag=1001030103_,兜兜娱乐屋,#扫黑决战再次定档  #扫黑决战定档 真实还原当下社会热点问题，真的太敢拍了#微博VC计划#L兜兜娱乐屋的微博视频​,0, 1,0
201,04月05日 19:36,https://weibo.com/7276808254/MABLprMMT?refer_flag=1001030103_,O7_luhan,Mathorcup高校数学建模挑战赛👍竞赛信息为了培养学生的创新意识及运用数学方法和计算机技术解决实际问题的能力，中国优选法统筹法与经济数学研究会决定主办2023年第十三届MathorCup高校数学建模挑战赛。本次竞赛目的在于搭建展现高校学生学科基础的平台，提高学生运用理论知识解决社会热点问题的能力，拓宽高校学生科研视野同时鼓励广大学生踊跃参加课外科技活动，培养创新精神及合作意识。经过十年多的发展，竞赛已成为全国范围内极具影响力的基础学科与应用科技的赛事。一、组织单位主办单位：中国优选法统筹法与经济数学研究会中国优选法统筹法与经济数学研究会是在中国科学技术协会直接领导下的学术性社会团体，是国家一级学会。学会由华罗庚教授于1981年发起成立，至今成立了评价方法与应用、项目管理、计算机模拟、统筹、管理决策与信息系统、工业工程、高等教育管理、数学教育、经济数学与管理数学、应急管理、灰色系统研究，复杂系统研究等十余个专业分会。竞赛是由中国优选法统筹法与经济数学研究会主办，MathorCup高校数学建模挑战赛组委会具体负责竞赛的组织。二、时间安排报名时间：2022年12月30日 0:00 至 2023年4月12日 12:00竞赛时间：2023年4月13日 8:00 至 4月17日 9:00三、参赛对象大赛面向中国及境外在校学生（包括研究生、本科生和专科生），具体要求如下：（1）可以自由组队参赛，每个参赛队伍人数可为1–3人，参赛队员必须全部为在校生，允许跨年级、跨专业组队，但不允许跨校组队。（2）参赛组别的确定依据是团队成员中的最高在读学历。（3）每支队伍允许最多有一名指导老师，指导老师须为全职高校教师，队伍也可以没有指导老师。收起d,0,0,0
202,04月05日 18:54,https://weibo.com/6811672042/MABua2C7h?refer_flag=1001030103_,夜尘锋刃,#安全研究#司法体系的正义性更受质疑。近年来，美国司法体系受到党争极化的严重影响，在一些情况下沦为两党攫取政治利益的工具。在堕胎权、投票权、教育权、控枪等社会热点问题上，两党的法律斗争和诉讼不断升级。两党还利用司法机构针对政府官员展开调查甚至推动诉讼，以实现打击政敌目的。事实上，共和党人抨击对手的“司法体系武器化”也是特朗普的一贯做法。总统任上，特经常威胁或寻求利用总统职权打击政敌。其第二任白宫办公厅主任约翰·凯利坦言，“他经常让我们利用联邦调查局和国税局追捕、打击敌人”。收起d,0,0,1
203,04月05日 17:55,https://weibo.com/7821203435/MAB6ffLQO?refer_flag=1001030103_,临汾华图教育培训,"今日热点：“银发族”再就业中国老龄协会老年人才信息中心主办的“中国老年人才网”正式上线,标志着我国老年人才信息库和老年人才信息服务平台正式启动建设。上线2天,吸引了5000多名求职者、100多家企业注册。一时间,老年人再就业成为了社会关注的热点。#中国老年人才网正式上线##社会热点关注#山西省考#省直##关注社会热点事件#省考#时政热点#国考面试#事业编##时政热点备考##省考面试#收起d",0, 2,0
204,04月05日 16:39,https://weibo.com/2530414040/MAABy178s?refer_flag=1001030103_,追梦人405KK姐,汉语言文学#考研#【追梦人学术热点】内容集中在本年度的社会热点和学术热点，并结合考研知识，将知识学以致用并服务考研。我们提倡无论处于什么阶段都应该关注社会发展、把握时代脉搏、分析舆论走向、及时掌握社会动态并拿自己的所学灵活应对。今日更新2023年3月【文学基础篇】学术热点，详情戳链接查看～希望对各位的研考有所帮助！O网页链接收起d,0,0,0
205,04月05日 16:38,https://weibo.com/2530414040/MAAAX0uGN?refer_flag=1001030103_,追梦人405KK姐,汉语言文学考研#考研#【追梦人学术热点】内容集中在本年度的社会热点和学术热点，并结合考研知识，将知识学以致用并服务考研。我们提倡无论处于什么阶段都应该关注社会发展、把握时代脉搏、分析舆论走向、及时掌握社会动态并拿自己的所学灵活应对。今日更新2023年3月【文学基础篇】学术热点，详情戳链接查看～希望对各位的研考有所帮助！O网页链接收起d,0,0,0
206,04月05日 16:30,https://weibo.com/3905083939/MAAxPrsGh?refer_flag=1001030103_,Frankzhao89,"法硕【考研打卡】Day5 2024,风里雨里,一路同行!学习内容:破坏社会主义市场经济秩序罪5-6;于帅讲解深入浅出,言简意赅,教学风格激情、透彻、层层推进、逻辑性强,擅于结合社会热点,加深对知识的领悟!@华图法硕考研@刑法于越​​​",0,0,0
207,04月05日 16:11,https://weibo.com/2010142737/MAAq8fvci?refer_flag=1001030103_,大王妖_,强烈建议社会热点新闻的评论区出一套行测题，考过的网友才有资格评论，不然就好好闭嘴，少说两句没人当你哑巴，没经过大脑用键盘敲出来的话只会让事情更复杂#孙国友# ​,0, 1,1
208,04月05日 15:44,https://weibo.com/2343287033/MAAfjcRxU?refer_flag=1001030103_,亚洲经济,【“取暖自由”难实现 韩国今冬电费燃气费飙涨民众直呼“伤不起”】继去年冬季韩国燃气费暴涨后，至今电费保持原地踏步，但预计今年每户电费燃气费支出仍同比分别上涨18%和23%。5日，据能源经济研究院发表的《冬季燃气费暴涨应对方向重点报告》中提出了两种假设，每户家庭月燃气使用量与去年相同的前提下，每兆焦耳（MJ）基准价不变或上调2.6韩元/MJ（折合人民币0.01 元），今年家庭燃气费支出同比上涨22.9%至30.4%。家庭燃气费受去年分四次（4、5、7、10月）上调影响，同比同比上涨38.4%。即使今年家庭燃气费维持原价（19.7韩元/MJ），年均支出额也将从40.5万韩元增加至今年的50.4万韩元，约增加22.9%。若本月家庭燃气费上调2.6韩元/MJ，年均支出额也将从40.5万韩元增加至今年的53.4万韩元，约增加30.4%。同样，电费继去年分三次（4月、7月、10月）上调，同比上涨19.3韩元/kWh（ 同比上涨21.1%），今年一月再作调整上涨13.1韩元/kWh，预计今年每户家庭电费年均支出额相比去年上涨17.5%至23.5%。假设每户家庭月用电量与去年相同的前提下，若第二季度至第四季度家庭电费没有变动，年均支出额从去年的33.4万韩元增加至今年的39.2万韩元，约增加17.5%。若今年7月再次上调13.1韩元/kWh，那么每户家庭电费年均支出额从去年的33.4万韩元增加至今年的41.2万韩元，约增加23.5%。与去年每户家庭电费燃气费支出同比分别增加9.7%、14.8%相比，今年预计最低支出增长率同比更高。报告表明，俄乌战争导致能源价格飙升局面在短期内很难得到改善，若供应低于成本的家庭电费及燃气费，韩国电力及燃气公社赤字问题将愈发严重。报告中强调，政府应当按照家庭收入支出比例对弱势群体家庭进行有针对性的补贴方案，优先照顾燃料费在可支配收入范围中占比较大的弱势群体家庭（以第一季度为准 20%左右）及使用煤油、丙烷等相对昂贵燃料的弱势群体家庭。报告中还提到，有必要确立反映国际能源价格的能源费用成本，努力确保国民对费用上涨的接受性，加强能源供应需求。此前，政府已多次探讨关于第二季度电费燃气费上调方案，但实现能源价格现实化与减轻国民负担的立场有所冲突，仍未得出结论。#韩国电费燃气费##韩国社会热点#收起d,0,0,0
209,04月05日 15:35,https://weibo.com/2745442130/MAAbEiLUC?refer_flag=1001030103_,手机用户2745442130,热门快播厦门社会热点热门快播社会热点好的一个人，就因为要去厦门市莲花医院总院戒酒，不到半天时间就被厦门市莲花医院总院的医护人员和保安人员人为重击葬送了一个人的人生！再说，最让人无法接受和理解的是厦门市莲花医院总院却关系网重重，勾结原名为（福建天泽鉴定所），做出违法违心的责任认定，做出错误认定后，福建天泽鉴定所就改名为（福建南天有限公司鉴定所）。我唯一的一个儿子是举家4代人的精神支柱和经济生活依靠。就因为厦门市莲花医院的暴行，让我一家人沉浸在极端的困境之中，为此我又求告无门！发此微博，希望能得到全社会的同情与关注。谢谢大家浏览！革命后代的一家后代确有冤无诉处。#清明#收起d,0,0,0
210,04月05日 15:29,https://weibo.com/2147271167/MAA90zmO8?refer_flag=1001030103_,榴乡峄城,路牌被风吹倒，峄城职业中专学生主动扶起#真实事件 #为他们点赞传递正能量#传递正能量让世界充满爱 #交通安全 #社会热点L榴乡峄城的微博视频​,0,0,3
211,04月05日 14:58,https://weibo.com/6176108485/MAzWE7pWs?refer_flag=1001030103_,展逸文才不是小学森,楼丝总说严浩翔diss全世界 怨气大 可是细看歌词还是蛮有水平的 看其他rapper歌词都是跑车兄弟女人就很俗 严浩翔写的歌可以看出他有读书思考的有大量关注社会热点 ​,0,0,12
212,04月05日 14:13,https://weibo.com/2754195965/MAzEiqoX2?refer_flag=1001030103_,睿博商学院邹晓徽,#成都人社局回应疑中电科强制员工加班# 如何评价“中电科强制员工加班”这一社会热点事件？ChatGPT：作为一个人工智能模型，我不能对某个特定事件表达立场或评价。然而，我可以就加班这一话题提供一些背景信息和观点。加班是指员工在正常工作时间内无法完成工作任务，需要在下班后继续工作。对于员工来说，加班可能是有益的，例如可以增加工作经验、提高技能水平等。但是，过度的加班可能会导致身体和心理健康问题，影响员工的工作表现和生产力。在一些行业中，如 IT、媒体等，加班是非常普遍的。然而，在一些国家和地区，如中国、美国等，政府和企业正在采取措施，减少员工的加班时间，保障员工的权益和身心健康。对于“中电科强制员工加班”这一事件，我们无法得知具体的情况和原因。如果员工的权益和身心健康受到了侵犯，那么这可能是一个严重的问题。无论如何，企业应该关注员工的福利和身心健康，为员工提供良好的工作环境和职业发展机会，而不是强制员工加班。收起d,0, 1,2
213,04月05日 13:18,https://weibo.com/2863357230/MAzhL2y71?refer_flag=1001030103_,古朔说事,#古朔说事##社会百态##社会热点事件##新闻看点##城管微讯##清明祭扫哪些物品不能带上火车#因电车没装踏板，和气解释的女子，被几个城管像抓狗一样的粗暴按在地上！在城管眼中，我们都是什么人啊？L古朔说事的微博视频​,0,0,1
214,04月05日 13:00,https://weibo.com/1787935585/MAzanC5Z9?refer_flag=1001030103_,与众不同的心理学,【太在乎一定容易焦虑】太在乎一定容易焦虑#心理健康##社会热点##家庭关系##抑郁症##教育##情感##与众不同的心理学##王国荣#L与众不同的心理学的微博视频​,0,0,0
215,04月05日 12:18,https://weibo.com/2745442130/MAyTocwEv?refer_flag=1001030103_,手机用户2745442130,厦门社会热点热门快播社会热点好的一个人，就因为要去厦门市莲花医院总院戒酒，不到半天时间就被厦门市莲花医院总院的医护人员和保安人员人为重击葬送了一个人的人生！再说，最让人无法接受和理解的是厦门市莲花医院总院却关系网重重，勾结原名为（福建天泽鉴定所），做出违法违心的责任认定，做出错误认定后，福建天泽鉴定所就改名为（福建南天有限公司鉴定所）。我唯一的一个儿子是举家4代人的精神支柱和经济生活依靠。就因为厦门市莲花医院的暴行，让我一家人沉浸在极端的困境之中，为此我又求告无门！发此微博，希望能得到全社会的同情与关注。谢谢大家浏览！革命后代的一家后代确有冤无诉处。#清明#收起d,0,0,0
216,04月05日 12:16,https://weibo.com/5140017410/MAySKBHw6?refer_flag=1001030103_,CaviarDM,河海大学考研#社会学考研#河海社会学23考研初试394分，排名第一，总分第二上岸，可出河海社会学考研专业课资料，包括以下内容：社会学理论：1⃣社会思想名家电子书及笔记2⃣社会学教程笔记、圣才辅导书3⃣自己整理的社会学理论4⃣社会热点分析5⃣论述题素材6⃣其他理论教材以及其他人的资料社会研究方法：1⃣风笑天《社会研究方法》电子书、笔记、圣才辅导书2⃣研究设计示例3⃣社会统计学相关资料＋名著电子版、相关论文和自己整理的总结＋历年真题及答案+赠送听过的网课找我买资料可免费答疑收起d,0, 14,3
217,04月05日 12:02,https://weibo.com/2492179165/MAyMQen4z?refer_flag=1001030103_,喵喵最可爱_BW,#中国电科#有关部门不要一看到这种社会热点就着急降热度撤r s   不要一味逃避问题把畸形藏起来  等水滴石穿的那天会更可怕 ​,0,0,11
218,04月05日 11:58,https://weibo.com/3253555587/MAyLm1JOm?refer_flag=1001030103_,考研丁亮,考研《2023年3月时政【国内+国际】》 近年来考研政治的突出特点是时政性增强，越来越注重对时政和热点的考查。因此，各位备战考研的同学要把功夫用在平时，对热门时政和社会热点要有所关注，特别要关注领导人在重要国内外会议上的讲话。O2023年3月时政【国内+国际】​, 1,0,0
219,04月05日 11:04,https://weibo.com/3020306493/MAypyF18K?refer_flag=1001030103_,为什么更喜欢风,配合着社会热点新闻发这条微博2天津·滨海国际机场​,0,0,0
220,04月05日 10:30,https://weibo.com/2163351711/MAybz9AsT?refer_flag=1001030103_,这世界大得让你很难不旅游,《摩天大楼》看到一半，美宝的故事突然让我想到自己，虽然没那么残忍，但也有相似的地方。再结合我最近的遭遇，思绪万千。不知道为什么，我的成长总是有戏剧性的事物伴随着发生，每每有社会热点引起关注，我都能或多或少在其中找到自己的影子。最近报告写多了，我都开始在想，我是不是带着使命下来的，生命体验官，体验各类酸甜苦辣，等待最终归宿，就带着一份体验报告回去述职。收起d,0,0,0
221,04月05日 10:16,https://weibo.com/7819314692/MAy6aDxry?refer_flag=1001030103_,兴义金标尺-小王,年轻人热衷寺庙游，你怎么看?例题:数据显示，今年2月以来，预订寺庙景区门票的人群中，90后、00后占比接近50%。年轻人们正在成为点燃寺庙旺盛香火的主力，谈谈你的看法?【点评分析】此题为社会热点分析题，在分析层面可辩证看待，一方面对这种现象持有包容理解的态度，可从原因的角度进行具体分析;另一方面也要指出这种行为背后存在的价值观隐患。在对策层面可以谈谈如何做好青年人的价值观引领和服务工作，最后总结可以青年人奋斗的话术结尾，也可以公职人员坚定理想信念的话术结尾。#年轻人为什么热衷去寺庙#公务员#贵州省考##面试热点#收起d, 2,0,2
222,04月05日 09:20,https://weibo.com/2745442130/MAxJm6lN4?refer_flag=1001030103_,手机用户2745442130,社会热点社会热点热门快播社会热点好的一个人，就因为要去厦门市莲花医院总院戒酒，不到半天时间就被厦门市莲花医院总院的医护人员和保安人员人为重击葬送了一个人的人生！再说，最让人无法接受和理解的是厦门市莲花医院总院却关系网重重，勾结原名为（福建天泽鉴定所），做出违法违心的责任认定，做出错误认定后，福建天泽鉴定所就改名为（福建南天有限公司鉴定所）。我唯一的一个儿子是举家4代人的精神支柱和经济生活依靠。就因为厦门市莲花医院的暴行，让我一家人沉浸在极端的困境之中，为此我又求告无门！发此微博，希望能得到全社会的同情与关注。谢谢大家浏览！革命后代的一家后代确有冤无诉处。收起d,0,0,0
223,04月05日 08:36,https://weibo.com/3738393317/MAxrda26n?refer_flag=1001030103_,本人钢铁意志,#CETC陈志龙#官方通报了，造谣者会得到应有的惩罚，这下就是真的人生毁了。不管他的行为有没有引发社会广大的讨论，他都要为自己的行为负责。我们也应该反思社会热点的反转，等子弹飞一会，更理智的看待问题。 ​, 36, 168,3354
224,04月05日 08:00,https://weibo.com/1787935585/MAxcC5DdG?refer_flag=1001030103_,与众不同的心理学,【让青少年看文学名著等于让婴儿吃牛扒】让青少年看文学名著等于让婴儿吃牛扒#心理健康##社会热点##家庭关系##家庭教育##与众不同的心理学##王国荣#L与众不同的心理学的微博视频​,0,0,1
225,04月05日 08:00,https://weibo.com/1787935585/MAxcC4xot?refer_flag=1001030103_,与众不同的心理学,【宁静才是最有效的心灵良药】宁静才是最有效的心灵良药#心理健康##社会热点##独立思考##与众不同的心理学##王国荣#L与众不同的心理学的微博视频​,0,0,2
226,04月05日 08:00,https://weibo.com/1787935585/MAxcC3rom?refer_flag=1001030103_,与众不同的心理学,【能受得了苦，吃得了亏，受得了气：这个样的孩子不会出现心理问题】家长不能只盯着孩子学习成绩，更重要的是要关注孩子的个性成长，衡量一个孩子是否优秀评价标准单一只关注学习好坏是目前最大的问题。孩子输不得，不容人，不吃亏，不吃话，受挫能力差是怎么造成的，需要我们深刻反思。#心理健康##社会热点##家庭关系##抑郁症##教育##情感##与众不同的心理学##王国荣#L与众不同的心理学的微博视频收起d,0,0,0
227,04月05日 08:00,https://weibo.com/1787935585/MAxcBxi7r?refer_flag=1001030103_,与众不同的心理学,【心理学改变人生系列采访：心理学让她用行动改变自我】多和大自然接触，爬山是心理学推崇的一种运动治疗形式，在此过程中，中枢神经系统的血清素、多巴胺、内啡肽会更多释放，尤其内啡肽只在特定条件下才会释放，以大自然为友，并寻求精神世界的丰富，那你的身心健康会有可喜的变化。#心理健康##社会热点##教育##情感##与众不同的心理学##王国荣#L与众不同的心理学的微博视频收起d, 1,0,0
228,04月05日 07:41,https://weibo.com/7752504308/MAx5bFF1Z?refer_flag=1001030103_,反脑控成员,发布了头条文章：《佛山市最大的本地人恶魔反社会脑控组织在作战（每日24小时全程畜害）》#脑电波频率立法保护##黑恶流氓腐败有组织残害平民脑控犯罪##社会热点新闻##电子精神伤害##每天举报一分钟##国家安全中心##黑势力#脑控仪O佛山市最大的本地人恶魔反社会脑控组织在作战（每日24小时全程畜害）​, 1,0,0
229,04月05日 02:05,https://weibo.com/6456165703/MAuSvgR6o?refer_flag=1001030103_,前高娱乐,#张纯烨说很多人把接受孩子当离异相亲前提#张纯烨真的是用自己的眼睛看到了特别多的社会热点问题，这次说很多人把接受孩子当离异相亲前提，说出了离婚父母们的心酸，为了孩子，完全忽略掉了自己的幸福，希望大家都能多爱自己一点，能够为了爱去找到合适的另一半L腾讯视频半熟恋人的微博视频​​​,0,0,0
230,04月06日 22:30,https://weibo.com/3300597621/MAMkkrYAa?refer_flag=1001030103_,淡轻茶香,黄景瑜#黄景瑜检察风云#hjy#黄景瑜李睿#国内首部检察官视角，真实案例改编，社会热点事件这么多元素足够吸引我走进电影院，期待4月29日《检察风云》首映​,0,0,3
231,04月06日 20:09,https://weibo.com/5844587541/MALp1uov5?refer_flag=1001030103_,Ohnim999,刷抖音进入了倦怠期，对什么视频都提不起感兴趣。原先喜欢腹肌帅哥男，发现很多都是假的，穿的那种肌肉衣，又发现这样的我好俗啊。原先也喜欢看社会热点，后来发现大家都加入中视频计划，煽动网友情绪，把网友当猴耍，在线拼一个情侣，本人热爱表演，咱们也加入中视频计划，卖惨营销谁不会啊，有钱咱们一起赚呀。前两天又喜欢一点铡美案，本人知识浅薄，也分不清这是豫剧还是京剧或是其它什么，又被批评跟风，我真是服了，建房子还得有地基呢，那些略懂一二秀优越感的“剧迷”就像博士笑话小学生你连1+1等于几都不知道啊，说实话，很low。算了，不看了。今天就说到这儿吧，下啦，再见。收起d,0,0,2
232,04月06日 18:54,https://weibo.com/1160766722/MAKUScrUb?refer_flag=1001030103_,小李zuo画,#讽刺漫画##社会热点##漫画#L小李zuo画的微博视频​,0,0,0
233,04月06日 18:33,https://weibo.com/1653118861/MAKM7CDww?refer_flag=1001030103_,jpsda,#快影万粉扶持计划 #田哥励志#社会热点，传播正能量，感谢支持感谢关注 ##快手#@快手L田哥励志的快手视频​,0,0,0
234,04月06日 17:50,https://weibo.com/7821203435/MAKuZ4Cxx?refer_flag=1001030103_,临汾华图教育培训,"今日热点：建设体育强国，为社会提供强大正能量“十四五”规划和2035年远景目标纲要明确提出到2035年建成“体育强国”,体育已成为中华民族伟大复兴的标志性事业。体育强盛、国运兴旺,人民健康、国家安康。体育运动正在为健康中国铸就牢固基石,昂扬向上的中华体育精神更为新时代增添无限活力。#事业编##山西省考面试#山西省考#社会热点关注##时政热点#国考面试#关注社会热点事件#收起d",0,0,1
235,04月06日 17:36,https://weibo.com/2611712137/MAKp44z4c?refer_flag=1001030103_,首都职工之家,#社会热点#【三部门：阶段性降低失业、工伤保险费率政策延长至明年底】人力资源和社会保障部、财政部、国家税务总局近日发布通知，自2023年5月1日起，继续实施阶段性降低失业保险费和工伤保险费率政策，期限延长至2024年底。O网页链接​,0,0,0
236,04月06日 15:55,https://weibo.com/3905083939/MAJK27KaZ?refer_flag=1001030103_,Frankzhao89,"法硕【考研打卡】Day6 2024,风里雨里,一路同行!学习内容:破坏社会主义市场经济秩序罪7-9;于帅讲解深入浅出,言简意赅,教学风格激情、透彻、层层推进、逻辑性强,擅于结合社会热点,加深对知识的领悟!@华图法硕考研@刑法于越​​​",0,0,0
237,04月06日 15:18,https://weibo.com/1029374230/MAJveBmFB?refer_flag=1001030103_,范炜,#杭州年轻男子自带定制沙发坐地铁#杭州一男子因坐地铁经常抢不到位子，就找人定制了一张沙发，可以像书包一样背在身上。杭州地铁表示，根据现场工作人员目测判断，乘客携带的沙发体积接近可携带体积上限，同时考虑沙发为生活用品，为保障乘客出行便利，确认无违禁情况后予以进站乘车。目前，暂未收到其他乘客相关投诉。这样的沙发别说坐了，路程长的话还能在沙发上睡一觉。#杭州身边事##社会热点新闻#L范炜的微博视频收起d, 6, 9,33
238,04月06日 15:10,https://weibo.com/7418606708/MAJrJbWFh?refer_flag=1001030103_,全智鲜_,昨天刷小红书，一个不相干的帖子，又出现了“晚学”，晚晚和林瀚的经典语录的灵活变通，互联网很多的热梗都是转瞬即逝的，像这样久盛不衰的，少见。我又不禁感慨，都说黑红也是红，可是对自己没有任何加成、没有获取任何利益的，那只能说一种消耗吧。很多网红，很多社会热点事件中的主角，红一阵儿也能捞一大笔。虚荣、喜欢炫耀，可又拉不下脸来赚钱，无解。收起d,0,0,2
239,04月06日 14:45,https://weibo.com/1029374230/MAJhG0swM?refer_flag=1001030103_,范炜,#官方回应网传张家界天门山多人跳崖自杀#一份网络文件显示，4月4日中午，天门山景区报告4名游客在玻璃栈道翻越护栏跳崖。其中一人被及时阻止后紧急送医，但因其已经服毒，最终抢救无效死亡。四名游客分别来自福建、河北、河南和四川，根据他们的遗留物初步认定是自杀。他们中年龄最大的才34岁，选择这样的道路令人唏嘘。四人相互之间是否认识，是通过什么方式聚集在一起的等到当地专案组的调查结果。#张家界头条##社会热点新闻##官方回应网传张家界天门山多人跳崖自杀#L极目视频的微博视频收起d, 1, 2,4
240,04月06日 14:41,https://weibo.com/6894785457/MAJg5hzzL?refer_flag=1001030103_,你猜我猜不猜的到_,#黄景瑜白百何新片调查性侵案#根据真实案例改编，预告片感觉不错反应社会热点问题五一可以去看 ​,0,0,0
241,04月06日 14:38,https://weibo.com/6440952362/MAJf1Dfzn?refer_flag=1001030103_,Tiamo-hjy1130,#黄景瑜白百何新片调查性侵案#拜托 安排路演我要去故事根据真实案例改编，直面社会热点，有深度期待最正义的检察官李睿@Johnny黄景瑜4.29影院见 ​,0,0,9
242,04月06日 14:26,https://weibo.com/5982278942/MAJaaAc34?refer_flag=1001030103_,张凯华微博,“立陶宛总统曾加入苏共 竞选时隐瞒了”……#社会热点新闻#L张凯华微博的微博视频​,0,0,0
243,04月06日 14:25,https://weibo.com/7533621857/MAJ9nfxpy?refer_flag=1001030103_,匿名用户张姐,中国电科回应“员工痛批强制加班”：非集团公司所属成员单位和员工#热点新闻事件#老百姓关心的话题#社会热点L匿名用户张姐的微博视频​,0,0,0
244,04月06日 14:24,https://weibo.com/7752504308/MAJ9gtRx5?refer_flag=1001030103_,反脑控成员,发布了头条文章：《利用辐射设备扫射黄龙居住内活人身体所有神经刺痛破坏细胞神经五脏》#黑恶流氓腐败有组织残害平民脑控犯罪##黑势力##脑电波频率立法保护##社会热点新闻##电子精神伤害##电子精神控制武器##电子武器##全国举报中心##脑控受害者##头条文章##黑科技#O利用辐射设备扫射黄龙居住内活人身体所有神经刺痛破坏细胞神经五脏​, 2, 1,2
245,04月06日 14:21,https://weibo.com/5982278942/MAJ86467j?refer_flag=1001030103_,张凯华微博,张家界天门山景区多人跳崖自杀？当地回应：已成立专案组调查！#社会热点新闻#L张凯华微博的微博视频​,0,0,3
246,04月06日 14:11,https://weibo.com/5982278942/MAJ3ZhP9Q?refer_flag=1001030103_,张凯华微博,官方回应“外卖员向交警下跪被掌掴”：尚未找到涉事交警 内部已开会通报深刻教育 ！#社会热点#L张凯华微博的微博视频​, 1, 5,3
247,04月06日 13:59,https://weibo.com/2378699402/MAIZc4eQa?refer_flag=1001030103_,供应链数据,一切突发的社会热点背后第一时间要警惕是不是新的境外骚操作。包括但不限于CETC加班。#四川总工会称加班事件事发地不在成都#​,0,0,4
248,04月06日 13:34,https://weibo.com/7761080566/MAIOKBv0z?refer_flag=1001030103_,花落叶唯美198002,#黄景瑜白百何新片调查性侵案#像这样据真实案例改编，直面社会热点，非常有深度的大荧屏作品值得一看。 ​,0,0,0
249,04月06日 13:08,https://weibo.com/7756698008/MAIEbgTF5?refer_flag=1001030103_,天桥融媒,杨柳絮过敏人群看过来啦！#热点新闻事件 ##把正能量传递出去让更多人看到 #老百姓关心的话题 #社会热点事件L天桥融媒的微博视频​,0,0,2
250,04月06日 13:07,https://weibo.com/2831991810/MAIDYgOrz?refer_flag=1001030103_,张侃侃侃大山,太把网络生活当回事是很容易让人虚无的。网络上跳脱了不同的身份，说话也会刺激上头，明星大瓜让我上蹿下跳，社会热点令人生气上头，直到下午肚子咕咕叫才发现连早餐都没吃。吃饭的时候冷静下来，这大半天啥也没做。构建自己真实生活的秩序感，拥抱眼前3米真实的生活最重要。该吃吃该喝喝，啥事别往心里搁！#infp进化论#收起d,0, 1,0
251,04月06日 13:07,https://weibo.com/1029374230/MAIDNAbBn?refer_flag=1001030103_,范炜,#男子用手电筒吓死千只鸡获刑6个月#男子的报复心理也太重了，明明是自己砍邻居的树在先，被发现后邻居将树拖回家，可男子却怀恨在心，用手电筒照射邻居家的鸡群，使鸡群受到惊吓死亡，赔偿3000元后。依然没有收敛自己的脾气，用同样方法又让邻居损失更多的鸡。两次恶行让邻居损失13840元，也让自己不仅需要钱财方面的赔偿，还要承担刑事责任。#衡阳身边事##社会热点新闻##男子为泄愤用手电筒吓死千余只鸡#L都市时报的微博视频收起d,0,0,2
252,04月06日 13:00,https://weibo.com/7203808783/MAIB38FLR?refer_flag=1001030103_,一只嗦罗密,#黄景瑜白百何新片调查性侵案#真实事件改变，充满社会热点，紧张刺激的剧情，优秀的导演演员，期待值拉满@Johnny黄景瑜#黄景瑜检察风云#​,0,0,0
253,04月06日 13:00,https://weibo.com/1787935585/MAIAScE8o?refer_flag=1001030103_,与众不同的心理学,【做为丈夫当尽的责任一定要尽到】做为丈夫当尽的责任一定要尽到#心理健康##社会热点##家庭关系##社会伦理##教育##与众不同的心理学##王国荣#L与众不同的心理学的微博视频​,0,0,0
254,04月06日 12:53,https://weibo.com/2441550713/MAIyijOxR?refer_flag=1001030103_,袁家小爷-鲸鱼,黄景瑜hjy#黄景瑜白百何新片调查性侵案#hjy#黄景瑜检察风云#故事根据真实案例改编，直面社会热点，非常有深度，黄景瑜演技好，外型帅气，饰演的检察院李睿，有恶必查，一身正气，是最正义的检察官五一节全家有一起看的电影了@Johnny黄景瑜收起d, 1, 1,5
255,04月06日 12:49,https://weibo.com/7364414577/MAIwAvrQt?refer_flag=1001030103_,永远爱景瑜的姐姐,黄景瑜#黄景瑜白百何新片调查性侵案#故事根据真实案例改编，直面社会热点，非常有深度。@Johnny黄景瑜演技好，外形好，是最正义的检察官#黄景瑜检察风云##检察风云案藏杀机版预告#​,0,0,2
256,04月06日 12:41,https://weibo.com/6183537145/MAItx4NiN?refer_flag=1001030103_,Abhay0567,#黄景瑜白百何新片调查性侵案#故事根据真实案例改编，直面社会热点，非常有深度，期待@Johnny黄景瑜​,0,0,0
257,04月06日 12:41,https://weibo.com/7752202453/MAItwxyEH?refer_flag=1001030103_,黄景瑜的海苔,黄景瑜#黄景瑜白百何新片调查性侵案#故事根据真实案例改编，直面社会热点，故事有深度@Johnny黄景瑜瑜瑜演技好，外形好，是最正义的检察官五一节全家有一起看的电影了​,0, 2,3
258,04月06日 12:38,https://weibo.com/6148826768/MAIsh4dab?refer_flag=1001030103_,黄景瑜是我家大可爱,#黄景瑜白百何新片调查性侵案#1.故事根据真实案例改编，直面社会热点，非常有深度2.黄景瑜演技好，外形好，是最正义的检察官 ​,0,0,17
259,04月06日 12:32,https://weibo.com/6912817457/MAIpv7OEa?refer_flag=1001030103_,每日娱乐招聘,#每日娱乐招聘##每日传媒招聘#上海解放日报招聘【实习部门简介】上观新闻，立足上海，放眼世界，为用户提供实时资讯。上观数据新闻中心隶属于上观新闻。我们用数据分析社会热点与时事。【招聘岗位】1、数据新闻实习记者（全职）实习开始时间：5月5日，或更早。【工作地点】上海市静安区延安中路816号【职责】独立策划或协助记者完成数据新闻、融媒体产品的选题。【要求】1. 大三及以上，研究生优先；专业不限，数据新闻、新闻学、统计学专业优先。2. 知晓时事新闻，有较强的新闻敏感度。感兴趣用数据的方式讲故事。3. 有基本的数据分析能力，熟练使用excel。4. 有责任心，行动力、抗压力强，认真细致有恒心。5. 3个月以上实习期，可6个月以上的优先6. 可线下实习者优先【招聘岗位】2. 可视化设计实习生（全职）实习开始时间：5月5日【工作地点】上海市静安区延安中路816号【职责】根据数据新闻选题进行可视化设计，形式以信息图、h5为主。【要求】1.  新闻学、美术设计、信息设计、计算机等相关专业优先。 最好有新闻敏感度。2. 熟练使用PS、AI等，熟悉前端开发者优先。3. 有责任心，有较强的团队合作精神。4.  3个月以上实习期，可6个月以上的优先5. 可线下实习者优先福利待遇：实习顺利结束后可开具实习证明、相应的稿费简历投递邮箱：jf.data@outlook.com投递截止日期：4月18日实习开始时间：5月5日，或更早邮件标题格式：应聘岗位+姓名+线上或是线下+实习周期请随邮件附上相应的作品集，及简单阐明为什么想参加实习（150字以内）。收起d,0,0,0
260,04月06日 11:58,https://weibo.com/2948591142/MAIbIjx91?refer_flag=1001030103_,呀吖咯,王一博建议不要过分传播季度工作表，近期发生的有关“打工人”社会热点新闻，容易被有心人移花接木，方向带偏，但是，为啵啵​,0,0,0
261,04月06日 11:43,https://weibo.com/1029374230/MAI5QfHzZ?refer_flag=1001030103_,范炜,#女子打人被拘期满后在线怼网友#网络不是法外之地。因打人在派出所拘留了十天还不安分。拘留期满后又在网上骂网友。目前该女子账号已被平台封禁。广州警方回应记者，辖区民警正在处理此事。#广州头条##社会热点新闻#L范炜的微博视频​,0, 2,2
262,04月06日 11:15,https://weibo.com/1029374230/MAHUtqh2i?refer_flag=1001030103_,范炜,#重庆姐弟坠亡案今日二审#一定要坚强，身后有很多正义人士的支持作为后盾。从张波和叶诚尘将罪恶之手伸向两个孩子就引起全民愤慨，更何况是张波向亲生儿女下毒手，做出这样泯灭人性的行为。相信二审法院会做出公正判。#重庆身边事##社会热点新闻#L范炜的微博视频​, 1, 4,33
263,04月06日 10:39,https://weibo.com/7363180351/MAHFTB7ci?refer_flag=1001030103_,剧荒,#检察风云案藏杀机版预告#《检察风云》聚焦校园贷、性侵等社会热点事件，案件层层剥离，让我们跟随黄景瑜、白百何一起破案。#黄景瑜白百何新片调查性侵案#L新浪电影的微博视频​,0,0,0
264,04月06日 10:25,https://weibo.com/7756698008/MAHAgfsd6?refer_flag=1001030103_,天桥融媒,校园霸凌要勇敢讲出来#把正能量传递出去让更多人看到 #社会热点事件#小实验大道理 #内容过于真实L天桥融媒的微博视频​,0,0,2
265,04月06日 10:21,https://weibo.com/2401908077/MAHynhRmH?refer_flag=1001030103_,上帝的智士,昨天直播我们对中电科陈志龙这一社会热点事件进行了热烈的讨论，从员工理性维权，企业管理缺失以及今后如何应对，和案件推演几个角度，大家参与都很热烈。周六直播我们继续 ​,0,0,3
266,04月06日 10:18,https://weibo.com/1801150877/MAHx7jtPC?refer_flag=1001030103_,影评老大爷暗夜骑士,#检察风云案藏杀机版预告#今年五一档不可错过的一部电影。金牌导演麦兆辉执导，黄景瑜、白百何主演。通过校园贷、性侵案等社会热点事件让人关注到检察官这个群体。#黄景瑜白百何新片调查性侵案#破案过程全程高燃，让观众由内而外的感受到中国检察系统为追求公平与正义而不惜奉献生命的庄严与伟大。同时，对于女性弱势群体面对的处境的刻画极为真实。环环相扣的剧情，不断逼近真相，一整个悬疑感拉满。L新浪电影的微博视频收起d, 686, 154,877
267,04月06日 09:44,https://weibo.com/2863357230/MAHjDiehG?refer_flag=1001030103_,古朔说事,#古朔说事##食品饮料行业##食品安全##315消费行业开放日##社会百态##社会热点事件#临期奸商揭秘食品行业内幕！L古朔说事的微博视频​, 3,0,2
268,04月06日 09:25,https://weibo.com/6120908701/MAHbO5l2d?refer_flag=1001030103_,小辣椒pepper--,#中国电科#志龙同志！勇敢的！伟大的！有本事别删词条！！！看过那么多社会热点新闻都被冷处理或者直接当造谣处理让我对社会一点点失望！！！ ​,0,0,20
269,04月06日 09:06,https://weibo.com/3149019832/MAH49g8eS?refer_flag=1001030103_,甘南消防,自防自救力量成功扑灭初起火灾#自防自救 #社会热点L甘南消防的微博视频​,0,0,0
270,04月06日 08:23,https://weibo.com/6075829008/MAGMAlG00?refer_flag=1001030103_,土土不酷Dakui,外媒关注张继科欠债事件，即使坐拥多枚金牌，也躲不过被查的命运#关注社会热点事件#2延边·韩食料理L土土不酷Dakui的微博视频​,0, 1,1
271,04月06日 08:00,https://weibo.com/1787935585/MAGD6nfiv?refer_flag=1001030103_,与众不同的心理学,【怎样做到不发火和少发火？】怎样做到不发火和少发火？#心理健康##社会热点##家庭关系##家庭教育##与众不同的心理学##王国荣#L与众不同的心理学的微博视频​,0, 1,0
272,04月06日 08:00,https://weibo.com/1787935585/MAGD6neYT?refer_flag=1001030103_,与众不同的心理学,【夫妻之间最好不要争吵】夫妻之间最好不要争吵#心理健康##社会热点##家庭关系##社会伦理##教育##与众不同的心理学##王国荣#L与众不同的心理学的微博视频​,0,0,0
273,04月06日 08:00,https://weibo.com/1787935585/MAGD6iPTo?refer_flag=1001030103_,与众不同的心理学,【心理学让做妈妈的学会爱与理解她的儿子】心理学让人了解自己、了解别人、了解人性和人生！心理学让人生过得智慧、过得幸福快乐#心理健康##社会热点##家庭关系##家庭教育##与众不同的心理学##王国荣#L与众不同的心理学的微博视频​,0,0,2
274,04月06日 07:34,https://weibo.com/7503170062/MAGsO8Gvi?refer_flag=1001030103_,民间点评-M,对近半年来多次社会热点事件总结后惊人地发现：国内某个庞大的群体或者某层力量似乎正自发式达成某种潜在共识和默契，他们意识的目标性被持续多次发酵事件刺激、感染后愈显清晰、坚定；众所周知，情感单向极化、高度显眼、简单而夸张、呆滞倾向性、“无私奉献”是新群体雏形初现的标志，而这种新群体精妙地通过某种天然存在的对峙标准完成自我“修身”提升内部发动力，同时借助高度显眼的优势在疯狂吸纳“新成员”～收起d,0,0,0
275,04月06日 07:27,https://weibo.com/7348018544/MAGpIBwmx?refer_flag=1001030103_,正义的小六,【#人民日报时政文章#人民日报评论：#斩断自媒体乱象背后利益链#】“自媒体”行业乱象不时“按下葫芦浮起瓢”，根本原因是有利可图。炒作社会热点事件、摆拍视频博流量、挑动对立引起骂战……背后是同一套商业逻辑：收割流量，变现获利。彻底整治“自媒体”乱象，要从斩断利益链上着手。O对症施策，精准治理“自媒体”乱象 | 人民锐见收起d,0,0,0
276,04月06日 01:36,https://weibo.com/7720332076/MAE7xr9dx?refer_flag=1001030103_,认真吃瓜张美丽,货车突然侧翻砸向路人身后朋友一把拉回躲过一劫#交通事故#危险瞬间#社会热点L认真吃瓜张美丽的微博视频​,0,0,0
277,04月07日 22:52,https://weibo.com/6261445584/MAVTUwupl?refer_flag=1001030103_,大耳朵玺,#陈某龙故意散布谣言被依法行拘#这男的应该去干传媒，很会捕捉社会热点，以一己之力引爆互联网​,0,0,0
278,04月07日 22:24,https://weibo.com/6272312291/MAVIlo6LG?refer_flag=1001030103_,洒家芒鞋破钵随缘化,#警方通报网传中电科加班事件调查结果#这可是体现了当前网络暴力的途径：当我季度某人或某事的时候，只需要编造一个谣言，然后与社会热点挂钩，去触碰网民的敏感点，让他们高潮起来，网暴就形成了，你所痛恨季度的人或单位就完了。 ​,0, 2,0
279,04月07日 21:55,https://weibo.com/3749041683/MAVwEt7E3?refer_flag=1001030103_,敬-美-耗-玉,#好影天天看##观点#吴鹏飞说：麦蔡会令人愤慨，这个人竟表示支持#社会热点##态度##台海时刻##中国##美国##中美关系##台海#找粉进群，海量粉丝任你选➡️O网页链接⬅️见粉必回#高能##正能量#L敬-美-耗-玉的微博视频​, 1,0,1
280,04月07日 21:54,https://weibo.com/5982278942/MAVwtzikJ?refer_flag=1001030103_,张凯华微博,刚刚，蔡英文窜访归来！#反独促统台湾当归##社会热点新闻#L张凯华微博的微博视频​,0, 4,3
281,04月07日 21:47,https://weibo.com/5982278942/MAVtArWQs?refer_flag=1001030103_,张凯华微博,90年代 河南，执行死刑全过程真实录像！#珍贵历史影像 ##社会热点新闻#L张凯华微博的微博视频​,0,0,2
282,04月07日 21:38,https://weibo.com/3416191900/MAVpU6vkm?refer_flag=1001030103_,鱼鲤鱼福鲤鱼,准确切中社会热点，这是人才啊 ​,0,0,0
283,04月07日 21:09,https://weibo.com/2745442130/MAVe2ybxE?refer_flag=1001030103_,手机用户2745442130,社会热点好好的一个人，就因为要去厦门市莲花医院总院戒酒，不到半天时间就被厦门市莲花医院总院的医护人员和保安人员人为重击葬送了一个人的人生！再说，最让人无法接受和理解的是厦门市莲花医院总院却关系网重重，勾结原名为（福建天泽鉴定所），做出违法违心的责任认定，做出错误认定后，福建天泽鉴定所就改名为（福建南天有限公司鉴定所）。我唯一的一个儿子是举家4代人的精神支柱和经济生活依靠。就因为厦门市莲花医院的暴行，让我一家人沉浸在极端的困境之中，为此我又求告无门！发此微博，希望能得到全社会的同情与关注。谢谢大家浏览！革命后代的一家后代确有冤无诉处希望厦门市莲花医院总院的保护伞们，别再保护下去了，苦海无边，回头是岸，别逼迫我一个70多岁的老人家用轮椅推着被厦门市莲花医院总院人为至残的儿子走上全国乞讨申冤的路。拜托请求保护伞的老爷们了收起d,0,0,0
284,04月07日 21:08,https://weibo.com/5982278942/MAVdJ4hqE?refer_flag=1001030103_,张凯华微博,辽宁大连，开宝马冲撞人群致5死8伤，罪犯刘东今日（4月7日）被执行死刑！#社会热点新闻#L张凯华微博的微博视频​, 1,0,0
285,04月07日 20:50,https://weibo.com/3905083939/MAV6frAVc?refer_flag=1001030103_,Frankzhao89,"法硕法硕【考研打卡】Day7 2024,风里雨里,一路同行!学习内容:侵犯公民人身权利、民主权利罪1-3;于帅讲解深入浅出,言简意赅,教学风格激情、透彻、层层推进、逻辑性强,擅于结合社会热点,加深对知识的领悟!@华图法硕考研@刑法于越​​​",0,0,0
286,04月07日 20:39,https://weibo.com/2863357230/MAV1PfNwd?refer_flag=1001030103_,古朔说事,#古朔说事##社会热点事件##新闻看点##媒体人周刊##化工厂污染#葫芦岛龙岗区化学品泄漏？现场飘出红棕色烟气，世星药化：有微毒！L古朔说事的微博视频​, 1,0,0
287,04月07日 20:36,https://weibo.com/6447094596/MAV0t43Cx?refer_flag=1001030103_,电影周刊精选,【15.4】小学初高中人民日报带你读时政写好文章作文小学高低年级都有，人民日报带你读时政！学习道德与法治！半年时事概览，专题追踪，四册可阅读两年内社会热点，时事焦点！ ​,0, 1,0
288,04月07日 20:35,https://weibo.com/6449810224/MAV0l7z28?refer_flag=1001030103_,玲玲爱追剧,【15.4】小学初高中人民日报带你读时政写好文章作文小学高低年级都有，人民日报带你读时政！学习道德与法治！半年时事概览，专题追踪，四册可阅读两年内社会热点，时事焦点！ ​,0, 1,0
289,04月07日 20:35,https://weibo.com/6529007776/MAV0e0YZH?refer_flag=1001030103_,熊妹爱追剧,【15.4】小学初高中人民日报带你读时政写好文章作文小学高低年级都有，人民日报带你读时政！学习道德与法治！半年时事概览，专题追踪，四册可阅读两年内社会热点，时事焦点！ ​,0, 1,0
290,04月07日 20:35,https://weibo.com/6441949950/MAV05mfs3?refer_flag=1001030103_,影迷小麻花,【15.4】小学初高中人民日报带你读时政写好文章作文小学高低年级都有，人民日报带你读时政！学习道德与法治！半年时事概览，专题追踪，四册可阅读两年内社会热点，时事焦点！ ​,0, 1,0
291,04月07日 20:34,https://weibo.com/6448868527/MAUZYDRAH?refer_flag=1001030103_,木子爱电影,【15.4】小学初高中人民日报带你读时政写好文章作文小学高低年级都有，人民日报带你读时政！学习道德与法治！半年时事概览，专题追踪，四册可阅读两年内社会热点，时事焦点！ ​,0, 1,0
292,04月07日 20:34,https://weibo.com/6453173936/MAUZS8VV4?refer_flag=1001030103_,前卫小潮人,【15.4】小学初高中人民日报带你读时政写好文章作文小学高低年级都有，人民日报带你读时政！学习道德与法治！半年时事概览，专题追踪，四册可阅读两年内社会热点，时事焦点！ ​,0, 1,0
293,04月07日 20:34,https://weibo.com/6432064820/MAUZK98DL?refer_flag=1001030103_,Boxing空间,【15.4】小学初高中人民日报带你读时政写好文章作文小学高低年级都有，人民日报带你读时政！学习道德与法治！半年时事概览，专题追踪，四册可阅读两年内社会热点，时事焦点！ ​,0, 1,0
294,04月07日 20:33,https://weibo.com/6528766591/MAUZCbw73?refer_flag=1001030103_,剧迷小萌妹,【15.4】小学初高中人民日报带你读时政写好文章作文小学高低年级都有，人民日报带你读时政！学习道德与法治！半年时事概览，专题追踪，四册可阅读两年内社会热点，时事焦点！ ​,0, 1,0
295,04月07日 20:33,https://weibo.com/6447174487/MAUZutkF1?refer_flag=1001030103_,追剧小不懂,【15.4】小学初高中人民日报带你读时政写好文章作文小学高低年级都有，人民日报带你读时政！学习道德与法治！半年时事概览，专题追踪，四册可阅读两年内社会热点，时事焦点！ ​,0, 1,0
296,04月07日 20:33,https://weibo.com/6447086387/MAUZn58Vb?refer_flag=1001030103_,影迷小布,【15.4】小学初高中人民日报带你读时政写好文章作文小学高低年级都有，人民日报带你读时政！学习道德与法治！半年时事概览，专题追踪，四册可阅读两年内社会热点，时事焦点！ ​,0, 1,0
297,04月07日 20:32,https://weibo.com/6447073864/MAUZegvvx?refer_flag=1001030103_,宅电影君,【15.4】小学初高中人民日报带你读时政写好文章作文小学高低年级都有，人民日报带你读时政！学习道德与法治！半年时事概览，专题追踪，四册可阅读两年内社会热点，时事焦点！ ​,0, 1,0
298,04月07日 20:32,https://weibo.com/3152667381/MAUZ7b3nn?refer_flag=1001030103_,Ww-韦小宝_340,【15.4】小学初高中人民日报带你读时政写好文章作文小学高低年级都有，人民日报带你读时政！学习道德与法治！半年时事概览，专题追踪，四册可阅读两年内社会热点，时事焦点！ ​,0, 1,0
299,04月07日 20:32,https://weibo.com/5998121221/MAUYZckTB?refer_flag=1001030103_,潮流穿搭好货,【15.4】小学初高中人民日报带你读时政写好文章作文小学高低年级都有，人民日报带你读时政！学习道德与法治！半年时事概览，专题追踪，四册可阅读两年内社会热点，时事焦点！ ​,0, 1,0
300,04月07日 20:20,https://weibo.com/5982278942/MAUUjhqdV?refer_flag=1001030103_,张凯华微博,害人害己 罪有应得！立即执行！#社会热点新闻#L张凯华微博的微博视频​, 23, 98,559
301,04月07日 20:14,https://weibo.com/1549473372/MAURCAJV5?refer_flag=1001030103_,格桑花-婉儿,祖国完全统一是14亿多中国人民的共同心愿！#社会新闻##人民日报##社会热点新闻#L格桑花-婉儿的微博视频​,0,0,7
302,04月07日 20:03,https://weibo.com/1549473372/MAUNa29Y8?refer_flag=1001030103_,格桑花-婉儿,印度活人献祭太恐怖了…#社会新闻##社会热点新闻##热点新闻事件#社会百态#关注社会热点新闻#L格桑花-婉儿的微博视频​,0,0,0
303,04月07日 20:00,https://weibo.com/7716633826/MAULUkffa?refer_flag=1001030103_,五百只喵喵酱,驾校女学员手机丢失被大妈捡到女孩买两包烟作为表示遭拒大妈称要五百块或一条香烟才肯归还#社会热点#民生关注#拾金不昧#不文明行为L五百只喵喵酱的微博视频​,0,0,0
304,04月07日 19:44,https://weibo.com/6375957179/MAUFzDMLx?refer_flag=1001030103_,小刺猬要长毛,今日学到了：阐述事实而不是观点对社会热点，关注但不评论爱与不爱都不应该被当做筹码。人果然还是要多读书，才能腹有诗书气自华～ ​,0,0,0
305,04月07日 19:14,https://weibo.com/2530414040/MAUtcfien?refer_flag=1001030103_,追梦人405KK姐,汉语言文字学#考研#【追梦人学术热点】内容集中在本年度的社会热点和学术热点，并结合考研知识，将知识学以致用并服务考研。我们提倡无论处于什么阶段都应该关注社会发展、把握时代脉搏、分析舆论走向、及时掌握社会动态并拿自己的所学灵活应对。今日更新2023年3月【语言文字篇】学术热点，详情戳链接查看～希望对各位的研考有所帮助！O追热点|中国语言文学专业3月学术热点（语言文字篇）收起d,0,0,0
306,04月07日 19:13,https://weibo.com/2530414040/MAUt4fuK1?refer_flag=1001030103_,追梦人405KK姐,文学考研#考研#【追梦人学术热点】内容集中在本年度的社会热点和学术热点，并结合考研知识，将知识学以致用并服务考研。我们提倡无论处于什么阶段都应该关注社会发展、把握时代脉搏、分析舆论走向、及时掌握社会动态并拿自己的所学灵活应对。今日更新2023年3月【语言文字篇】学术热点，详情戳链接查看～希望对各位的研考有所帮助！O追热点|中国语言文学专业3月学术热点（语言文字篇）收起d,0,0,0
307,04月07日 19:12,https://weibo.com/2530414040/MAUsGlyD6?refer_flag=1001030103_,追梦人405KK姐,语言学及应用语言学#考研#【追梦人学术热点】内容集中在本年度的社会热点和学术热点，并结合考研知识，将知识学以致用并服务考研。我们提倡无论处于什么阶段都应该关注社会发展、把握时代脉搏、分析舆论走向、及时掌握社会动态并拿自己的所学灵活应对。今日更新2023年3月【语言文字篇】学术热点，详情戳链接查看～希望对各位的研考有所帮助！O追热点|中国语言文学专业3月学术热点（语言文字篇）收起d,0,0,0
308,04月07日 19:11,https://weibo.com/2530414040/MAUs9ucR7?refer_flag=1001030103_,追梦人405KK姐,汉语言文学#考研#【追梦人学术热点】内容集中在本年度的社会热点和学术热点，并结合考研知识，将知识学以致用并服务考研。我们提倡无论处于什么阶段都应该关注社会发展、把握时代脉搏、分析舆论走向、及时掌握社会动态并拿自己的所学灵活应对。今日更新2023年3月【语言文字篇】学术热点，详情戳链接查看～希望对各位的研考有所帮助！O追热点|中国语言文学专业3月学术热点（语言文字篇）收起d,0,0,0
309,04月07日 19:11,https://weibo.com/2530414040/MAUrXl9xr?refer_flag=1001030103_,追梦人405KK姐,汉语言文学考研#考研#【追梦人学术热点】内容集中在本年度的社会热点和学术热点，并结合考研知识，将知识学以致用并服务考研。我们提倡无论处于什么阶段都应该关注社会发展、把握时代脉搏、分析舆论走向、及时掌握社会动态并拿自己的所学灵活应对。今日更新2023年3月【语言文字篇】学术热点，详情戳链接查看～希望对各位的研考有所帮助！O追热点|中国语言文学专业3月学术热点（语言文字篇）收起d,0,0,0
310,04月07日 17:54,https://weibo.com/1029374230/MATWJCeLy?refer_flag=1001030103_,范炜,#北京废止拆迁许可证#“拆迁”改“搬迁”，北京或将告别大批“拆迁暴发户”，最高补偿面积不超过267平方米。#北京或将告别大批拆迁暴发户##社会热点新闻#L范炜的微博视频​, 36, 26,377
311,04月07日 17:47,https://weibo.com/5982278942/MATTR8Hmg?refer_flag=1001030103_,张凯华微博,瞄准莫斯科？芬兰欲购价值3亿欧元以色列“大卫弹弓”导弹拦截系统。#社会热点新闻#L张凯华微博的微博视频​,0, 1,1
312,04月07日 17:46,https://weibo.com/7713423383/MATTu98RQ?refer_flag=1001030103_,圆滚滚的胖橘猫,4月5日，湖北武汉。大妈捡到女孩手机索要500元才肯归还，急哭女孩#社会热点#民生百态L圆滚滚的胖橘猫的微博视频​,0,0,0
313,04月07日 17:11,https://weibo.com/5658586528/MATFi6csB?refer_flag=1001030103_,世界生命科学大会,近日，佛山不少医院的#流感 就诊人数攀升！广东疾控回应再迎#甲流 高峰，流行态势会持续两周左右！!更多健康焦点关注世界生命科学大会“中企世博”公众号。#热点新闻事件 #老百姓关心的话题#如何应对甲流高发期 #健康科普#社会热点#L世界生命科学大会的微博视频​,0,0,1
314,04月07日 16:51,https://weibo.com/1029374230/MATxkmfps?refer_flag=1001030103_,范炜,#老人地铁求座被自称孕妇女子怒怼#老人这不是求座，是要抢座位啊。#上海身边事##社会热点新闻#L后浪视频的微博视频​,0, 1,1
315,04月07日 16:03,https://weibo.com/7002600905/MATdX9BV5?refer_flag=1001030103_,别叫我小林同学了,法律人如果对于社会热点法律事件还像普通民众一样激情开麦的话 是很可怕也是很可悲的事情这种人将来毕业也不会有什么好成就的… ​,0,0,0
316,04月07日 15:35,https://weibo.com/1029374230/MAT2yB0DQ?refer_flag=1001030103_,范炜,#张波叶诚尘二审翻供#人性的丑恶真的在“重庆姐弟坠亡案”的两个犯罪嫌疑人身上展露无疑。张波和叶诚尘为了证明彼此之间爱情的“纯洁”，不惜用17000多条聊天记录来密谋，企图夺去两个幼小孩子的生命。可是当他们面临法律的审判，可能被剥夺生命的时候，#叶诚尘称自己有精神疾病#，#张波二审辩称孩子坠楼系意外#。不过法律是讲证据的，做过违法的事情一定留有痕迹。同样，“编造”的借口没有证据也会被推翻。二审结果择期宣判，等待法院最终公正的判决。只是两个孩子的亲生母亲太可怜了，为给孩子讨回公道，不曾停下来，还要被两人的这种荒诞言语刺激。#社会热点新闻##重庆头条#L范炜的微博视频收起d,0,0,1
317,04月07日 15:15,https://weibo.com/1029374230/MASUcjz6k?refer_flag=1001030103_,范炜,#孙海洋让妻子不要来法庭#孙海洋不让妻子出庭：怕控制不住。#孙卓和符建涛被拐案开庭##社会热点新闻#L范炜的微博视频​,0,0,3
318,04月07日 15:07,https://weibo.com/1029374230/MASR3zGwu?refer_flag=1001030103_,范炜,#孙海洋女儿呼吁取消拐骗罪#孙卓姐姐孙悦呼吁取消拐骗罪，统一成拐带罪，人贩子必须严惩！“无论是怎样处理孩子的去向，违背孩子意愿将其从家人身边带走，给孩子本身、孩子的家庭和社会造成的打击是同样的”。#孙卓被拐案今日开庭##社会热点新闻##拐卖儿童量刑#L范炜的微博视频​, 1, 2,5
319,04月07日 14:58,https://weibo.com/5982278942/MASNicRwh?refer_flag=1001030103_,张凯华微博,张家界通报多人景区跳崖，4人身份公布。#社会热点新闻#O网页链接​,0,0,0
320,04月07日 14:39,https://weibo.com/2176946705/MASFyiXS4?refer_flag=1001030103_,刘五一,#丰县八孩案一审宣判#丰县八孩案，5人犯拐卖妇女罪，一人最高被判处13年有期徒刑，女子“丈夫”犯虐待、非法拘禁一审被判9年！这几人被判刑十数年，而女子却被毁了一生。#社会热点新闻#L范炜的微博视频​​​, 1,0,3
321,04月07日 14:35,https://weibo.com/2946723963/MASEilFLv?refer_flag=1001030103_,贝妈秘籍,人民日报带你读时政写好文章作文       【 ￥15.4】小学高低年级都有，人民日报带你读时政！学习道德与法治！✌半年时事概览，专题追踪，四册可阅读两年内社会热点，时事焦点！ ​,0, 1,1
322,04月07日 14:27,https://weibo.com/2863357230/MASAPdwR1?refer_flag=1001030103_,古朔说事,2023年3月23日，原中国银行党委书记、董事长刘连舸落马。刘连舸先后有四任妻子，这也不足为奇，让人惊掉大牙的是，他的第四任妻子竟然是儿子的前女友。儿子与这个女人感情甚笃，已经谈婚论嫁。刘连舸觉得两人身份悬殊，门不当户不对，硬是把两个人拆散了。搞笑的是，刘连舸觉得和儿子不般配的女人，自己竟然娶为妻子。难道和儿子门不当户不对，和老子就门当户对？还是老刘早有预谋，垂涎女子美貌，早就想据为己有，故意拆散了儿子的美好姻缘？大千世界，无奇不有，这样的事情居然发生在党委书记、单位老总，而且是副部级领导的身上。#中国银行原党委书记刘连舸被查##社会热点事件##古朔说事#收起d, 3,0,3
323,04月07日 14:26,https://weibo.com/1269647104/MASAgCYN8?refer_flag=1001030103_,湖北省人民检察院,#鄂检新闻##基层声音##新征程再出发#【 现场燃爆，首届“明法杯”检律辩论赛开赛！】近日，由湖北省咸宁律师协会和赤壁市检察院联合举办的首届“明法杯”检律辩论赛在赤壁市检察院拉开帷幕。本次活动以“逐梦法治、辩响青春”为主题，围绕十个高度契合社会热点及司法实践的典型案例展开激烈论辩。赛场上，选手们慷慨陈词中充盈理性思辨、唇枪舌剑亦不失君子之风，将法律的正义之美、语言的文学之美、辩手的风采之美展现得淋漓尽致，掌声、欢呼声燃爆现场。（来源：@正义咸宁@赤壁检察）收起d, 2,0,2
324,04月07日 14:19,https://weibo.com/1029374230/MASxE94Xq?refer_flag=1001030103_,范炜,#丰县八孩案一审宣判#丰县八孩案，5人犯拐卖妇女罪，一人最高被判处13年有期徒刑，女子“丈夫”犯虐待、非法拘禁一审被判9年！这几人被判刑十数年，而女子却被毁了一生。#社会热点新闻##徐州身边事##董志民致小花梅精神分裂#L范炜的微博视频​​​, 7, 6,18
325,04月07日 13:24,https://weibo.com/7434885900/MASb7iepy?refer_flag=1001030103_,小岛慢活,以前朋友跟我讨论一些社会热点，会说“文化差异”。直到最近，又出现很多热议的事，关于踎（蹲），我听了一节目，才意识到，朋友以前那是出于尊重的客气话，实际上是“文明差距”。蹲在我们那是很常见的，包括某冠军也被拍到过。所以看到也不会觉得特别不适。可对于自小就接受教育说那样不雅并不会当众做的人来说，那确实是很不文明行为，甚至会产生心理、生理反感。就我个人而言，有时整理东西或者弯下跟女儿说几句，也会有蹲这个动作，但不久。收起d,0, 2,0
326,04月07日 13:00,https://weibo.com/1787935585/MAS1nli6W?refer_flag=1001030103_,与众不同的心理学,【值得警惕，有人被自己的优秀杀死】值得警惕，有人被自己的优秀杀死#心理健康##社会热点##家庭关系##抑郁症##教育##情感##与众不同的心理学##王国荣#L与众不同的心理学的微博视频​, 1,0,1
327,04月07日 12:37,https://weibo.com/1560595571/MARShbgYu?refer_flag=1001030103_,苍蓝天成,#张继科事件为何愈演愈烈#不是，这种公众人物+社会热点新闻，没给你上纲上线就不错了，什么叫“愈演愈烈”，那不然是该息事宁人还是怎么的？国家级运动员，拿过大赛荣誉若干，退役密而不发，顶着title上综艺吸金，却又嗜赌成性……组织一开始不知道？知道了不公开通报？网友都还没开始跟你较真，你倒先矫情上了收起d,0,0,0
328,04月07日 12:32,https://weibo.com/5690228713/MARQik8SP?refer_flag=1001030103_,领券撸白菜,[招财嗅嗅]小学初高中人民日报带你读时政写好文章作文  15.4小学高低年级都有，人民日报带你读时政！学习道德与法治！半年时事概览，专题追踪，四册可阅读两年内社会热点，时事焦点！ ​,0, 1,0
329,04月07日 12:31,https://weibo.com/5982278942/MARPIxFD5?refer_flag=1001030103_,张凯华微博,人擅自修剪109岁古榕树被抓，涉嫌危害国家重点保护植物罪 ！#社会热点新闻#L张凯华微博的微博视频​, 17, 79,419
330,04月07日 11:52,https://weibo.com/2492179165/MARzUDcpe?refer_flag=1001030103_,喵喵最可爱_BW,#中国电科下属单位已就网传不实信息报案#社会热点必有反转，明星翻车必有实锤。赢麻了​,0, 5,0
331,04月07日 10:54,https://weibo.com/3908317920/MARcnyaIW?refer_flag=1001030103_,变有钱的傻fufu,#最食人间烟火色#⭐️⭐️⭐️⭐️两个方面值得我夸：1 尊重传统手工艺 匠人匠心 他们的“守艺”才构成了流传下来的华夏之美 东方美学氛围十足 传统婚书浪漫至极 还有社会热点rh品牌代言问题 立意噌一下就起来了 “品过世界，更懂华夏之美”2婚姻观 真正做到尊重女性没有在升职和家庭中套路式的让女性选择放弃职业晋升之路 也没有让女性放弃带给她安全感的独立房产“女性的价值 从不仅限于婚姻和爱情”“你是女生你更应该明白，这座房子对于她的意义，这是她试想过的安全区，有着连我都不能给予的安全感。”“梅子熟了”的意义完全不亚于“今晚月色真美”让我心动脸红 好温暖好治愈岁月静好 愿大家都有自己的人间烟火收起d,0,0,3
332,04月07日 10:04,https://weibo.com/2863357230/MAQRWu0D5?refer_flag=1001030103_,古朔说事,山西交城:董家圪垛村石料厂长期非法获利！#古朔说事##社会热点事件##社会百态#L古朔说事的微博视频​, 2,0,0
333,04月07日 09:31,https://weibo.com/6900065523/MAQEGnddU?refer_flag=1001030103_,云南深汇外币兑换,4月7日速览全球财经#市场动态 港股三大指数本周收跌，创新奇智逆市涨超70%#社会热点 福布斯：农夫山泉钟睒睒连续三年成中国首富，财富超过扎克伯格2昆明·深汇外币兑换(欣都龙城店)​,0,0,0
334,04月07日 09:30,https://weibo.com/5589965352/MAQEfgzoX?refer_flag=1001030103_,河北承德丰宁反腐韩桂云,小戴简单说: 纠错进步的机制已经没有了#社会热点#O网页链接​,0, 1,0
335,04月07日 08:21,https://weibo.com/6222725761/MAQcafl3M?refer_flag=1001030103_,春语陈贵春,快来PICK一下社会热点#视频号人气榜#，查收最新热门博主视频号社会热点人气榜​,0,0,1
336,04月07日 08:00,https://weibo.com/1787935585/MAQ3BvSL4?refer_flag=1001030103_,与众不同的心理学,【大鱼大肉真的很可怕】大鱼大肉容易引起血管硬化，血管硬化让人血压增高，脑中风，痛风等代谢类疾病。#心理健康##社会热点##独立思考##与众不同的心理学##王国荣#L与众不同的心理学的微博视频​,0,0,0
337,04月07日 08:00,https://weibo.com/1787935585/MAQ3BdbR3?refer_flag=1001030103_,与众不同的心理学,【切记：原生家庭决定不了你的心态】切记：原生家庭决定不了你的心态#心理健康##社会热点##家庭关系##社会伦理##教育##与众不同的心理学##王国荣#L与众不同的心理学的微博视频​,0,0,1
338,04月07日 08:00,https://weibo.com/1787935585/MAQ3AygE2?refer_flag=1001030103_,与众不同的心理学,【这两种性格的孩子最容易出现心理问题】这两种性格的孩子最容易出现心理问题#心理健康##社会热点##家庭关系##抑郁症##教育##情感##与众不同的心理学##王国荣#L与众不同的心理学的微博视频​,0,0,0
339,04月07日 07:56,https://weibo.com/5880495899/MAQ293xND?refer_flag=1001030103_,沈重残女刘杰,社会热点白岩松热烈祝贺。全国两会胜利召开，坚决拥护国家提倡反腐倡廉打虎拍蝇的好政策。我四年多上访实名举报沈阳市皇姑区华山派所副所长顾恩俊不给钱制造的冤假错案什么时候能见到光明，做假笔录，假证人，假病志，赖我儿给当事人下眼眶打骨折了，说有证人看见了，证人也没到派所指认被告人，顾所长就管我儿要十五万不给钱也不通知家属就把我儿送进看守所，导致皇姑区检察院庞浩也不调查就是不拿钱就公䜣，皇姑法院金军，韩东杰也是不让证人出庭指认，也不调查就是不拿钱就判刑，就以当事人下眼眶骨折判我儿蒙冤入狱十个月，可在法院卷宗65页当事人根本就没有骨折过的病志，顾恩俊等人这不是公开讹诈我儿吗？难道在法律面前人人平等在皇姑区公.检.法面前形同放屁吗？在我们拿出假笔录，假病志的证据实名举报到今天为止没有结果，顾恩俊这只苍蝇在皇姑公安分局就没人敢拍吗？难道顾恩俊的后台就这么历害吗？2021年3月1号皇姑区公安局两位局长找我们谈话，李局长当时表态说尽快给我们一个答复，可最后也是官官相护不了了之，2023年3月1号我们准备进京上访在沈阳北站华山派所王所长带人把我们给拦下不让进京上访说分局局长和我们谈话给我们解决，2023年3月2号华山派所王所长给我们引荐了皇姑区公安局领导，张亮局长问我们有什么䜣求。我们提出的䜣求很简单就是把沈阳市公安医院的C丅片子和沈医二院的片子调出来对比一下在找董莹重新拍个CT看看有没有骨折真相就出来了，沈医二院和公安医院两个CT结果不同肯定有一个是假的，为什么不能对比？难道公安医院有病CT片是假的吗？为什么不能重新鉴定？为什么不给我们提供公安医院拍的原CT片？这不是明显有假吗。真不知道还有多少猫腻在隐瞒着，我们不得而知。当事人在公安医院拍了两张CT和一张S光片都是没有病的都是2019年4月10号提供的，可在2019年4月12号又提供一张有病的CT报告单，拍照时间都是4月8号，为什么要分开提供？华山派所顾所长为钱昧着良心作假案子，所以才不敢重新鉴定，更不能提供原CT片。我们把盖有公章的两份没有病的报告单和录音光盘提供给华山派所王所长希望王所长能转交给张亮局长，就这么简单的事我们上访四年多没人管，我们把希望寄托在能为百姓办实事张局长和华山派所王所长身上，可最后还是官官相护不了了知，华山派所真是黑透顶了。我们真心希望各级领导能给我们一个事实真相，还我儿一个清白。举报人郭增福2023.3.4.收起d,0,0,0
340,04月07日 06:58,https://weibo.com/7752504308/MAPEzfv99?refer_flag=1001030103_,反脑控成员,发布了头条文章：《有组织有预谋有高层有黑势力本地脑控生化武器黄龙的一群精神病群体》# #黑科技# #黑恶流氓腐败有组织残害平民脑控犯罪# #黑势力# #脑电波频率立法保护# #脑控受害者# #社会热点新闻# #电子精神控制武器# #电子精神伤害# #电子武器# #全国举报中心# #间谍活动# #电子精神控制# #问佛山市长# #北京国安# #国安法#O有组织有预谋有高层有黑势力本地脑控生化武器黄龙的一群精神病群体收起d, 1,0,2
341,04月07日 00:02,https://weibo.com/2441550713/MAMVQg2Gs?refer_flag=1001030103_,袁家小爷-鲸鱼,黄景瑜hjy#黄景瑜检察风云#hjy#黄景瑜白百何新片调查性侵案#故事根据真实案例改编，直面社会热点，非常有深度，黄景瑜饰演正义，帅气的检察官李睿，好期待哦4.29我们电影院不见不散呀@Johnny黄景瑜L袁家小爷-鲸鱼的微博视频​, 7, 83,51
342,04月08日 22:45,https://weibo.com/3179222172/MB5hq2RR4?refer_flag=1001030103_,Cynthia2013999,开心😃听到了“樊登”本人的讲座，受益匪浅：小孩子三岁前所学知识比之后所学知识的总量都要多；小孩子的情商跟【三岁前，家长在孩子处于某种情绪时告诉他/她“我知道你此时很…”】有很大的关系；不需要对社会热点事件进行评价，多关注少评论，避免网暴；。。。。。记笔记好重要呀 我给忘了😭收起d,0,0,1
343,04月08日 21:34,https://weibo.com/1623822990/MB4Ov1eQX?refer_flag=1001030103_,您的洪小小,这张照片会成为今年最具讽刺意义的一张照片吧！看到这张照片你会想到什么？是城管认真对待工作，又抓了一个不法商贩？还是觉得一定是老奶奶违规摆摊了？又或者是老奶奶犯了什么大错？不知道你们怎么想，我是觉得挺脸红的，替城管执法队伍脸红。这位老奶奶看样子年纪已经很大了，驼着背，也是被生活所迫吧。不然谁愿意顶着烈日，还要遭这份罪呢！这么大年纪卖菜谋生，已经够不容易了。执法没问题，但是也要分情况，分方式方法，更应该有温度的执法才对。毕竟规矩是死的，可人是活的。如此青天白日的，像押送犯人一样的押解一位老人，不免让人觉得讽刺和悲哀。要说这几个城管人员可真是不容易啊，三个人大男人合力反手制服一位白发苍苍的老奶奶。是不是得上报记上一功啊？城管暴力执法的情况并不少见，公众对此也早就怨声四起。而这张照片，恐怕已经不仅仅是暴力执法的问题了！也许老人没有听从劝告，也许老人真的有错，也许事出有因，但是方法有千万种，却偏偏选择了最低级最愚蠢最粗鲁的一种，实在是当今社会莫大的讽刺和悲哀！晚安#随手拍##遇见美好##社会热点##新闻##新闻看点#收起d,0,0,3
344,04月08日 21:09,https://weibo.com/1267564540/MB4Ex7Dsl?refer_flag=1001030103_,宋伟微博,#北京废止拆迁许可证#“拆迁”改“搬迁”，北京或将告别大批“拆迁暴发户”，最高补偿面积不超过267平方米。#北京或将告别大批拆迁暴发户##社会热点新闻#L范炜的微博视频​​​,0,0,0
345,04月08日 20:41,https://weibo.com/7613483555/MB4t9vzni?refer_flag=1001030103_,金钥匙创投计划,#金钥匙创投计划荣誉推荐大会#恭喜《万事大吉》入选“金钥匙创投”计划年度片单！由发起人吴京导演为其颁发入选证书！这部作品的故事节奏轻快，情节跌宕起伏，融入了很多当下社会热点事件，通过丰富的人物和风趣幽默的台词设计，极具讽刺性和娱乐性的同时，也诠释了人性善意的难能可贵。 ​, 3, 7,51
346,04月08日 20:33,https://weibo.com/5982278942/MB4q5bGFu?refer_flag=1001030103_,张凯华微博,强行加塞，两车互不相让，双双怼进绿化带。#社会热点新闻##道路千万条安全第一条#L张凯华微博的微博视频​,0,0,0
347,04月08日 19:48,https://weibo.com/2323101850/MB47HxbZ3?refer_flag=1001030103_,法国漂,我在#视频号人气榜#上榜啦！社会热点排名第6名，感谢❤️视频号社会热点人气榜​,0, 2,14
348,04月08日 19:42,https://weibo.com/5690924780/MB45nzzBn?refer_flag=1001030103_,小小小小芳同学,焦点访谈堕落了，十多年前聚焦社会热点，现在讲故宫这些与焦点风牛马不相及的东西。2海东·互助土族自治县​,0,0,4
349,04月08日 17:55,https://weibo.com/7821203435/MB3nY22NB?refer_flag=1001030103_,临汾华图教育培训,今日热点：书法被列为一级学科#山西省考面试#国考面试#事业编##关注社会热点事件##时政热点##省考面试#​, 1,0,0
350,04月08日 17:55,https://weibo.com/5982278942/MB3nRqh2T?refer_flag=1001030103_,张凯华微博,公交司机让老人坐下再开车 小伙嫌耽误时间与老人打架 检察院：老人正当防卫 不负刑事责任！#社会热点新闻##冲动是魔鬼#L张凯华微博的微博视频​,0,0,0
351,04月08日 17:16,https://weibo.com/5982278942/MB3882nTd?refer_flag=1001030103_,张凯华微博,"在张家界跳崖的河北男子： 大哥二哥精神有问题母亲46岁生下他""他是全家的希望母亲去世后他4年没回家"" 20多天前找父亲借钱被拒放话"" 别后悔""……#社会热点新闻#L爱讲笑话的特长生的微博视频​", 2, 2,1
352,04月08日 16:47,https://weibo.com/5982278942/MB2Wamf4Q?refer_flag=1001030103_,张凯华微博,大连宝马撞人致5死逃逸案罪犯刘东被执行死刑！#罪有应得##社会热点新闻#L张凯华微博的微博视频​,0, 2,1
353,04月08日 16:29,https://weibo.com/1029374230/MB2OVyl6K?refer_flag=1001030103_,范炜,#市监局通报女子露出制服威胁店员#浙江温州一女子与店员起争执，随后霸气露出制服吓唬店员。温州市龙湾区#市监局通报女子露出制服威胁店员#称：经核实，涉事人员系我局工作人员。目前，已对其进行严肃批评，后续将根据调查结果按规定处理。原来女子说的是真的，她是管商家的。#温州身边事##社会热点新闻##女子与店员争执露出制服威胁#L范炜的微博视频收起d, 3, 5,11
354,04月08日 15:17,https://weibo.com/1029374230/MB2ltnKqE?refer_flag=1001030103_,范炜,#大学男老师让女生穿超短裙跳操引不满#安徽大学一名男老师给女生定健美操短裙，学生提出能不能自己买长款白裙后，遭到该男老师的怒怼，要求女生跟随大部队，不允许退出否则通报任课老师和学院。既然是学校比赛统一着装也没什么，但是在群内发布的信息露出那样的表情很难不让人怀疑这名男老师有其它企图或私心。而且有些女生不想穿短裙老师们就没有别的办法了吗？只会用通报来威胁。健美操队没有过出现男生的情况吗？如果出现男生这名男老师也会想着让男生“跟随大部队”穿超短裙？#安徽身边事##社会热点新闻#高校L范炜的微博视频收起d, 1,0,0
355,04月08日 15:07,https://weibo.com/5324582308/MB2hzonpC?refer_flag=1001030103_,拔草小园丁,人民日报带你读时政，15.4，小学到高中都有，里面有社会热点+时事焦点，丰富的素材和写作论点，想写好文章作文可以多看看！ ​,0, 1,0
356,04月08日 15:06,https://weibo.com/5324835931/MB2hahq9N?refer_flag=1001030103_,送券小猪,人民日报带你读时政，15.4，小学到高中都有，里面有社会热点+时事焦点，丰富的素材和写作论点，想写好文章作文可以多看看！ ​,0, 1,0
357,04月08日 15:06,https://weibo.com/5324521971/MB2hae7NL?refer_flag=1001030103_,cici小公举吖,人民日报带你读时政，15.4，小学到高中都有，里面有社会热点+时事焦点，丰富的素材和写作论点，想写好文章作文可以多看看！ ​,0, 1,0
358,04月08日 15:05,https://weibo.com/3860590678/MB2gLs4rQ?refer_flag=1001030103_,爱拔草的小酱酱,人民日报带你读时政，15.4，小学到高中都有，里面有社会热点+时事焦点，丰富的素材和写作论点，想写好文章作文可以多看看！ ​,0,0,0
359,04月08日 15:05,https://weibo.com/5326340417/MB2gL8gpH?refer_flag=1001030103_,爱搭配酱,人民日报带你读时政，15.4，小学到高中都有，里面有社会热点+时事焦点，丰富的素材和写作论点，想写好文章作文可以多看看！ ​,0, 1,0
360,04月08日 15:05,https://weibo.com/5325175162/MB2gL63NU?refer_flag=1001030103_,Ami爱挖券,人民日报带你读时政，15.4，小学到高中都有，里面有社会热点+时事焦点，丰富的素材和写作论点，想写好文章作文可以多看看！ ​,0, 1,0
361,04月08日 15:05,https://weibo.com/5326415294/MB2gL8giC?refer_flag=1001030103_,傲娇小妹砸,人民日报带你读时政，15.4，小学到高中都有，里面有社会热点+时事焦点，丰富的素材和写作论点，想写好文章作文可以多看看！ ​,0, 1,0
362,04月08日 15:04,https://weibo.com/5324484471/MB2gm1jwM?refer_flag=1001030103_,矮个子的逗比日常,人民日报带你读时政，15.4，小学到高中都有，里面有社会热点+时事焦点，丰富的素材和写作论点，想写好文章作文可以多看看！ ​,0, 1,0
363,04月08日 15:04,https://weibo.com/5327590504/MB2gm0cN4?refer_flag=1001030103_,囤货女神,人民日报带你读时政，15.4，小学到高中都有，里面有社会热点+时事焦点，丰富的素材和写作论点，想写好文章作文可以多看看！ ​,0, 1,0
364,04月08日 15:04,https://weibo.com/5327463160/MB2glF3MK?refer_flag=1001030103_,爱酷_少年,人民日报带你读时政，15.4，小学到高中都有，里面有社会热点+时事焦点，丰富的素材和写作论点，想写好文章作文可以多看看！ ​,0, 1,0
365,04月08日 15:03,https://weibo.com/5326306417/MB2fWCvPr?refer_flag=1001030103_,灿灿妈咪是个购物狂,人民日报带你读时政，15.4，小学到高中都有，里面有社会热点+时事焦点，丰富的素材和写作论点，想写好文章作文可以多看看！ ​,0, 1,0
366,04月08日 15:03,https://weibo.com/5330077578/MB2fWCvMJ?refer_flag=1001030103_,省钱草粒儿,人民日报带你读时政，15.4，小学到高中都有，里面有社会热点+时事焦点，丰富的素材和写作论点，想写好文章作文可以多看看！ ​,0, 1,0
367,04月08日 15:03,https://weibo.com/5327364886/MB2fWCvGf?refer_flag=1001030103_,种草小女王,人民日报带你读时政，15.4，小学到高中都有，里面有社会热点+时事焦点，丰富的素材和写作论点，想写好文章作文可以多看看！ ​,0, 1,0
368,04月08日 15:02,https://weibo.com/5885715347/MB2fxtlL0?refer_flag=1001030103_,显瘦搭配师--Kay1ove,人民日报带你读时政，15.4，小学到高中都有，里面有社会热点+时事焦点，丰富的素材和写作论点，想写好文章作文可以多看看！ ​,0, 1,0
369,04月08日 15:02,https://weibo.com/5779056279/MB2fxr95b?refer_flag=1001030103_,辣妈爱种草,人民日报带你读时政，15.4，小学到高中都有，里面有社会热点+时事焦点，丰富的素材和写作论点，想写好文章作文可以多看看！ ​,0, 1,0
370,04月08日 15:02,https://weibo.com/5871676271/MB2fxwEoH?refer_flag=1001030103_,大de果子,人民日报带你读时政，15.4，小学到高中都有，里面有社会热点+时事焦点，丰富的素材和写作论点，想写好文章作文可以多看看！ ​,0, 1,0
371,04月08日 15:01,https://weibo.com/5325121867/MB2f8pHaG?refer_flag=1001030103_,种草小妹,人民日报带你读时政，15.4，小学到高中都有，里面有社会热点+时事焦点，丰富的素材和写作论点，想写好文章作文可以多看看！ ​,0, 1,0
372,04月08日 15:01,https://weibo.com/5871592919/MB2f8moHl?refer_flag=1001030103_,种草小君,人民日报带你读时政，15.4，小学到高中都有，里面有社会热点+时事焦点，丰富的素材和写作论点，想写好文章作文可以多看看！ ​,0, 1,0
373,04月08日 15:01,https://weibo.com/5329681266/MB2f8moDf?refer_flag=1001030103_,囤货妹妹,人民日报带你读时政，15.4，小学到高中都有，里面有社会热点+时事焦点，丰富的素材和写作论点，想写好文章作文可以多看看！ ​,0, 1,0
374,04月08日 15:00,https://weibo.com/3869346590/MB2eJiJv5?refer_flag=1001030103_,种草小萌妹,人民日报带你读时政，15.4，小学到高中都有，里面有社会热点+时事焦点，丰富的素材和写作论点，想写好文章作文可以多看看！ ​,0, 1,0
375,04月08日 15:00,https://weibo.com/5329693662/MB2eJdec6?refer_flag=1001030103_,省钱小公举,人民日报带你读时政，15.4，小学到高中都有，里面有社会热点+时事焦点，丰富的素材和写作论点，想写好文章作文可以多看看！ ​,0, 1,0
376,04月08日 14:59,https://weibo.com/5326410328/MB2ek9zxw?refer_flag=1001030103_,Charm潮男,人民日报带你读时政，15.4，小学到高中都有，里面有社会热点+时事焦点，丰富的素材和写作论点，想写好文章作文可以多看看！ ​,0, 1,0
377,04月08日 14:59,https://weibo.com/5330077876/MB2ek6gOX?refer_flag=1001030103_,妈咪爱实惠,人民日报带你读时政，15.4，小学到高中都有，里面有社会热点+时事焦点，丰富的素材和写作论点，想写好文章作文可以多看看！ ​,0, 1,0
378,04月08日 14:59,https://weibo.com/5872016502/MB2ek8tCi?refer_flag=1001030103_,挖券少女,人民日报带你读时政，15.4，小学到高中都有，里面有社会热点+时事焦点，丰富的素材和写作论点，想写好文章作文可以多看看！ ​,0, 1,0
379,04月08日 14:58,https://weibo.com/5334315886/MB2dV2Cki?refer_flag=1001030103_,拔草果酱,人民日报带你读时政，15.4，小学到高中都有，里面有社会热点+时事焦点，丰富的素材和写作论点，想写好文章作文可以多看看！ ​,0, 1,0
380,04月08日 14:58,https://weibo.com/5329687297/MB2dV0qaK?refer_flag=1001030103_,省钱baby,人民日报带你读时政，15.4，小学到高中都有，里面有社会热点+时事焦点，丰富的素材和写作论点，想写好文章作文可以多看看！ ​,0, 1,0
381,04月08日 14:29,https://weibo.com/1029374230/MB22km2U4?refer_flag=1001030103_,范炜,#宠物鼠被滞留地铁上挠伤乘客#地铁公交车上是不允许带宠物等活体动物上车的吧。公交地铁都是人员密集封闭空间，或许宠物主人觉得可爱，但对其他乘客来说是困扰。不只是会出现抓伤他人的情况，宠物身体上携带的细菌也有可能传染给别人。#沈阳身边事##社会热点新闻#L沸点视频的微博视频​,0,0,1
382,04月08日 14:26,https://weibo.com/6763257663/MB20WDg9B?refer_flag=1001030103_,行走的快乐2020,人生如戏的笔记 🆘模范出租车1&2：非常值得一看的悬疑探案推理片，真实反映了很多社会热点事件，要说敢拍... （分享自@小红书）#小红书精选#O网页链接​,0,0,0
383,04月08日 13:21,https://weibo.com/2481743955/MB1AvC28R?refer_flag=1001030103_,TATV天天说事,#苏州科技大学#信息大爆炸时代，舆论监督无死角。学校发通知的时候，既然已经是非常规时间发布了，即使做足了通知工作，也应考虑到社会热点下公众的接受和理解，毕竟，考研这个热点，关注的人太多了。 ​,0, 1,8
384,04月08日 13:00,https://weibo.com/1787935585/MB1rRfO1E?refer_flag=1001030103_,与众不同的心理学,【幼稚的人都不自信，自信的人都不幼稚】幼稚的人都不自信，自信的人都不幼稚#心理健康##社会热点##家庭关系##抑郁症##教育##情感##与众不同的心理学##王国荣#L与众不同的心理学的微博视频​,0,0,0
385,04月08日 11:50,https://weibo.com/1029374230/MB0ZAobYf?refer_flag=1001030103_,范炜,#19岁女孩整形医院抽脂后3天死亡#19岁花一样的年纪却因为整形而凋零太令人惋惜了。社会上存在的畸形审美，影响了许多年轻人，认为瘦是美的。各大整形机构趁势而起加强人们对变美变好看的观念认知，可世界的精彩本就是由不同的美组成的，保持自己健康的身体，在年轻的时候享受青春的活力才是19岁的年纪最应该做的事。希望社会加大宣传健康、正确的美的观念。#白幼瘦审美##宁夏身边事##社会热点新闻#L齐鲁晚报的微博视频收起d,0,0,0
386,04月08日 11:44,https://weibo.com/5303874222/MB0X3cbb1?refer_flag=1001030103_,老公最恨的微博,【￥15.4】人民日报带你读时政小学到高中都有，里面有社会热点+时事焦点，丰富的素材和写作论点，想写好文章作文可以多看看~ ​,0, 2,2
387,04月08日 11:37,https://weibo.com/1029374230/MB0UoAE2Q?refer_flag=1001030103_,范炜,#13岁孩子疑因游戏问题勒父亲脖子#记得小时候玩贪吃蛇一类的游戏，还要躲避着父母，不然就会被一顿训斥。现在的孩子已经玩游戏沉迷到敢跟父母对峙甚至为了游戏充值伤害父母。游戏已经成为孩子的“精神鸦片”，除了社会多方的努力，在孩子的成长过程中，家长也要从小就引起重视，不能为了“解放自己”就扔给孩子手机、电脑。孩子一旦对手机、电脑上瘾，家长就很难帮助改正，最后摧毁的是孩子的人生。#深圳身边事#育儿#社会热点新闻#L搜狐千里眼的微博视频收起d,0,0,0
388,04月08日 11:36,https://weibo.com/5461408623/MB0U5pr6g?refer_flag=1001030103_,以利服人,#让一部分人先富起来##社会热点事件#让一部分人先富永远是正确的！有些人把一些社会极端事件归咎于让一部分人先富的代价，某界年轻人跳崖与让一部分先富的理论与实践没有一点关系。没有让一部分人先富就不可能有共同富裕，没有贫富差距拉大也不可能有共同富裕，先富与后富相生相长，差距拉大与共同富裕相辅相成，总要有人先富一点并拉大了差距才能请人带人富人创新，它都不拉大一点怎么请人呢，又忘么传导呢，所以说先富并差距拉大是实现共同富裕的先决条件，是应坚持的长效经济规律。不能因为先富贫富差距拉大产生的负面因素而否定违背经济规律，经济规律适配于任何时代收起d,0,0,0
389,04月08日 11:27,https://weibo.com/1225581992/MB0QmDFHs?refer_flag=1001030103_,江上的路,#民生##养老金##关注社会热点事件#关于新实施的个人养老保险资金的管理问题：管理好新实施的个人养老金是个非常重要的社会问题。因为个人养老金是老百姓省吃俭用给自己又投入了一份对未来的保障钱。所以，对管理个人养老金的资管机构（基金公司）而言，并不是什么的责任问题，而应该是制度的保障问题。因为资管机构特别是基金管理公司（基金经理）这些年的市场表现、管理能力和业绩水平，都太喽了！你们用所谓的“责任心和责任感”之类的冠冕堂皇，还能能让大家相信吗？！所以，个人养老金资金必须要用制度的硬约束来管理好，就像现在的社保基金管理公司一样，必须要使管理的资金保值和增值。只有这样，投保人才能放心投保。社会热点#民生##鸿儒计划#2合肥收起d, 6, 6,6
390,04月08日 11:02,https://weibo.com/1715253033/MB0Gh4jvw?refer_flag=1001030103_,黑仔andypt,为什么大V的观点不可信？在微博里面关注了一些喜欢评论社会热点事件的大v，比如冯大辉，梁斌等等，这些人也是相对比较理性的，但从他们的观点里面也可以看到很多局限性。就是说他们评论的观点有时候基于事实和逻辑，那基本上没得问题；还有一些时候，是基于自己的经历和认知，这里面就会犯以偏概全的错误。比如，一个顺风顺水，生活很顺利的人，是很难真正去理解一个很背时，无助的人的一些想法和观点的，他们以为的世界和真实的世界存在巨大鸿沟。同理，运气比较差，生活很艰辛的人，也很难理解那些顺风顺水的人的想法和观点。所以说，大V的观点也要带着怀疑的眼镜去看。基于事实和逻辑的，才是可信的，这里面不得不说，随想大佬的牛逼之处就在这里，确实是能够启发人的思维。实事求是，慢慢研究就好。收起d,0,0,0
391,04月08日 10:43,https://weibo.com/5982278942/MB0yl93K7?refer_flag=1001030103_,张凯华微博,民警执法遭威胁后霸气回怼！#社会热点新闻##实话实说传递正能量#L张凯华微博的微博视频​,0,0,2
392,04月08日 10:41,https://weibo.com/7589183590/MB0xDoXDn?refer_flag=1001030103_,Kiraneve,两年前看到别人给人判型以及讨论各种黑白社会热点整个人都不好了，完全无法下手，不想睁眼，现在怀疑难道其实我是entj（最大的改变不是失去了人性，而是理解了一切，终于知道大家在干什么了。允许别人，放过自己。 ​,0,0,0
393,04月08日 10:27,https://weibo.com/5546717665/MB0s9g8i1?refer_flag=1001030103_,豆米米好物,🤞人民日报带你读时政 小学低/高年级 2本 赠练习本2本（双重优惠）👉到手价￥16元！需领取15元优惠券！人民日报带你读时政，人民日报政治文化部编，全套4本，学习道德与法治，半年时事概览，专题追踪，四册可阅读两年内社会热点，时事焦点。目前天猫博库旗舰店售价￥32，满30元减1元，可使用￥15券，实付￥16包邮，小学低年级、高年级可选，送练习本2本。丛书以课程标准为依据，以国际、国内重大时事政治为背景，以社会热点、焦点问题为切入点，结合考试范围、内容、方向，紧贴试题特点和考察方式，选编有代表性的热点专题，介绍各热点专题的有关背景，多角度提供典型、丰富的复习和演练试题以及实践活动建议。人民日报出版社用人民日报党媒的自身优势，将两年内时政热点进行整合，将最主流、最权威、最全面、最准确、最有参考价值的时政材料和最有针对性、最接地气、最具实战意义的练习题目呈现学生。引导小学生关注社会、关注生活，关心国家和社会的发展，关心时事、胸怀大志，从而培养和提高学生的核心素养。收起d,0, 1,0
394,04月08日 10:25,https://weibo.com/7165839872/MB0rjdxt9?refer_flag=1001030103_,厭世氣泡嗝出綠林,每次恁地出了什么社会热点问题网民的讨论总能让我白眼一翻发出嘲笑：哥姐们又独立思考了啊​,0,0,0
395,04月08日 09:34,https://weibo.com/5880495899/MB06Cgnhe?refer_flag=1001030103_,沈重残女刘杰,社会热点热烈祝贺。全国两会胜利召开，坚决拥护国家提倡反腐倡廉打虎拍蝇的好政策。我四年多上访实名举报沈阳市皇姑区华山派所副所长顾恩俊不给钱制造的冤假错案什么时候能见到光明，做假笔录，假证人，假病志，赖我儿给当事人下眼眶打骨折了，说有证人看见了，证人也没到派所指认被告人，顾所长就管我儿要十五万不给钱也不通知家属就把我儿送进看守所，导致皇姑区检察院庞浩也不调查就是不拿钱就公䜣，皇姑法院金军，韩东杰也是不让证人出庭指认，也不调查就是不拿钱就判刑，就以当事人下眼眶骨折判我儿蒙冤入狱十个月，可在法院卷宗65页当事人根本就没有骨折过的病志，顾恩俊等人这不是公开讹诈我儿吗？难道在法律面前人人平等在皇姑区公.检.法面前形同放屁吗？在我们拿出假笔录，假病志的证据实名举报到今天为止没有结果，顾恩俊这只苍蝇在皇姑公安分局就没人敢拍吗？难道顾恩俊的后台就这么历害吗？2021年3月1号皇姑区公安局两位局长找我们谈话，李局长当时表态说尽快给我们一个答复，可最后也是官官相护不了了之，2023年3月1号我们准备进京上访在沈阳北站华山派所王所长带人把我们给拦下不让进京上访说分局局长和我们谈话给我们解决，2023年3月2号华山派所王所长给我们引荐了皇姑区公安局领导，张亮局长问我们有什么䜣求。我们提出的䜣求很简单就是把沈阳市公安医院的C丅片子和沈医二院的片子调出来对比一下在找董莹重新拍个CT看看有没有骨折真相就出来了，沈医二院和公安医院两个CT结果不同肯定有一个是假的，为什么不能对比？难道公安医院有病CT片是假的吗？为什么不能重新鉴定？为什么不给我们提供公安医院拍的原CT片？这不是明显有假吗。真不知道还有多少猫腻在隐瞒着，我们不得而知。当事人在公安医院拍了两张CT和一张S光片都是没有病的都是2019年4月10号提供的，可在2019年4月12号又提供一张有病的CT报告单，拍照时间都是4月8号，为什么要分开提供？华山派所顾所长为钱昧着良心作假案子，所以才不敢重新鉴定，更不能提供原CT片。我们把盖有公章的两份没有病的报告单和录音光盘提供给华山派所王所长希望王所长能转交给张亮局长，就这么简单的事我们上访四年多没人管，我们把希望寄托在能为百姓办实事张局长和华山派所王所长身上，可最后还是官官相护不了了知，华山派所真是黑透顶了。我们真心希望各级领导能给我们一个事实真相，还我儿一个清白。举报人郭增福2023.3.4.收起d,0,0,0
396,04月08日 09:34,https://weibo.com/5584593441/MB06iEutg?refer_flag=1001030103_,娱乐界蜀黍,新浪娱乐#江疏影欢乐颂4台词##江疏影欢4把绯闻比喻成蚊子吸血#我不允许大家还不知道欢乐颂4开播了，这个节目反映了非常多的社会热点问题，@江疏影扮演的叶蓁蓁 在面对造谣诽谤时候，那个比喻真的让我特别的震惊，说的非常的到位，绯闻只有从源头切断，才能够获得好的成绩 ​,0,0,0
397,04月08日 09:32,https://weibo.com/6337183973/MB05ueu8M?refer_flag=1001030103_,星娱神探,娱乐#江疏影欢乐颂4台词##江疏影欢4把绯闻比喻成蚊子吸血#绯闻这个社会热点问题一直让我们关注，欢乐颂4开播，再次引起了大家对于这个话题的关注，@江疏影扮演的叶蓁蓁 在面对造谣诽谤时候，用蚊子吸血来进行比喻 ，真的完全说出了事情的本质，佩服这个比喻，佩服姐姐的才华 ​,0,0,0
398,04月08日 09:26,https://weibo.com/2863357230/MB02ZBlPi?refer_flag=1001030103_,古朔说事,回振彪副县长的事情，老祖宗们早就给出了答案。母弱出商贾，父强做侍郎，族旺留原籍，家贫走他乡。第一句是说一个家族嫡庶之分，能够继承家业的嫡子之外，庶出的儿女只能去经商，在古代地位并不高的行业。第二句说的是家族兴旺之后，都想再进一步，拥有更大的权势。第三句是关键，家族在本地势力大的，基本都会选择在原籍发展，因为大树底下好乘凉。第四句，没钱没势的，如果想走发展，只能去更大的城市发展，谋求封妻荫子。一切历史皆是当代史。#选择继承家业是什么体验##在古代为何商人的地位不高##社会热点事件##回县长事件##关注社会热点事件#收起d, 2,0,10
399,04月08日 09:04,https://weibo.com/5982278942/MAZUmeW0U?refer_flag=1001030103_,张凯华微博,小孩条理很清晰，这大人动手就有点过分了！#社会热点新闻#L张凯华微博的微博视频​, 1,0,2
400,04月08日 08:00,https://weibo.com/1787935585/MAZu6lPcp?refer_flag=1001030103_,与众不同的心理学,【心理问题发现越早，干预越早，康复越理想】心理问题发现越早，干预越早，康复越理想#心理健康##社会热点##家庭关系##抑郁症##教育##情感##与众不同的心理学##王国荣#L与众不同的心理学的微博视频​,0,0,0
401,04月08日 08:00,https://weibo.com/1787935585/MAZu64eA1?refer_flag=1001030103_,与众不同的心理学,【了解人太难太难了】了解人太难太难了#心理健康##社会热点##与众不同的心理学##王国荣#L与众不同的心理学的微博视频​,0,0,0
402,04月08日 08:00,https://weibo.com/1787935585/MAZu64ean?refer_flag=1001030103_,与众不同的心理学,【看不到自己优点的人都是瞎子】看不到自己优点的人都是瞎子#心理健康##社会热点##独立思考##与众不同的心理学##王国荣#L与众不同的心理学的微博视频​, 1,0,0
403,04月08日 08:00,https://weibo.com/1787935585/MAZu6385T?refer_flag=1001030103_,与众不同的心理学,【幸福家庭是一个人最大的成就】幸福家庭是一个人最大的成就#心理健康##社会热点##家庭关系##社会伦理##教育##与众不同的心理学##王国荣#L与众不同的心理学的微博视频​,0,0,0
404,04月08日 07:43,https://weibo.com/1957223095/MAZnxoVSD?refer_flag=1001030103_,我书香门第,社会热点中山大学郑州大学推文微博校园社会约稿高校教师多领域访谈新作：遭受“闪婚洗房”后，能将对方具名的房产收回吗？，详情点击：O网页链接​,0,0,0
405,04月08日 07:30,https://weibo.com/7774089243/MAZhV1ZvS?refer_flag=1001030103_,中国战略支援,【对“ChatGPT”的冷思考】近期，一股ChatGPT热席卷全球。人们兴致盎然地与机器人从社会热点谈论到天文地理，而ChatGPT也可以较准确理解自然语言提问，甚至延伸回答问题的关联内容。#新域新质作战力量#相比于以往的问答机器人，ChatGPT智能水平有飞跃性提升，不仅能以更为拟人化的方式与人类沟通，还可进行文章撰写、代码编写等初等创作，甚至能够通过美国执业医师执照考试。此外，ChatGPT针对通识方面问题的回答具有相当的逻辑性、体系性、科学性，准确性也较高。如果加入专业领域语料库进行针对性训练，或与其他智能算法合并，可衍生出适应多个领域的新型能力。以ChatGPT为代表的各种人工智能辅助工具不断涌现，帮助人类提升了生产效率。然而，正如“科林格里奇困境”所言：“每一次技术变革都会带来相应的进步，但往往也会带来风险和威胁。”首先，由于ChatGPT采用了“人在回路”式的模型训练机制，这意味着操控人员将在一定程度上影响它的输出结果。若将该模型叠加认知对抗相关语料库进行针对性再训练，则有可能引导用户产生推理谬误。并且，通过分析用户长期使用中所积累的数据，ChatGPT将有能力对用户进行个性画像，并自主筛选定位用户中的关键岗位人员，对其进行长期的信源控制、认知培塑、信息欺骗或信息轰炸。此外，ChatGPT还存在泄密风险。前不久，三星引入ChatGPT不到20天，便爆出机密资料外泄的意外事件，更是引起了人们的警惕。其次，ChatGPT模型采用了基于大数据量和巨型模型的深度学习的技术路线，训练模型所需的数据量和计算资源量极高，导致其语料库更新缓慢。目前版本ChatGPT仍基于2021年之前的互联网语料训练，回答部分问题会出现严重错误，尤其在理科和时效性较强的领域，此问题更为突出。另外，其模型训练和使用所需的高算力成本，也大大限制了它的部署范围。随着人工智能技术的不断演进，人们的弗兰肯斯坦情结越来越严重。不少专家认为，随着技术的持续发展，AI有可能产生自我意识，甚至目前已具有了初级的自我意识和情感。在未来，这是否会成为人工智能与人类伦理道德产生冲突的隐患还不得而知。OpenAI公司宣布开放API后，已有不少公司将ChatGPT集成到产品当中。这将加速ChatGPT的普及，但由此带来的风险也将成倍增加。面对AI技术浪潮带来的风险与挑战，我们需要积极应对。一方面，应制定国家级人工智能发展战略，从人工智能应用生态和专用智能芯片方面布局，打造自主可控的人工智能产品；另一方面，需联合国际社会共同制定研发、训练和使用人工智能的相关法律、标准和伦理规范，提升人工智能伪造信息、传播虚假消息的法律成本，引导人工智能向服务全人类的方向发展。#聚焦高端战争#（解放军报）收起d, 8, 3,22
406,04月08日 05:34,https://weibo.com/7752504308/MAYx3fiBH?refer_flag=1001030103_,反脑控成员,发布了头条文章：《黄龙被佛山最大的下三滥暗害民生无影无踪电子生化武器》#黑恶流氓腐败有组织残害平民脑控犯罪##你在什么情况下脑电组织为什么如此猖狂还有周围掩盖真相##平台该优先保护谁的利益##脑控受害者##电子精神控制武器##社会热点新闻##电子武器##每天举报一分钟##全国举报中心##脑电波频率立法保护##举报中心提醒#O黄龙被佛山最大的下三滥暗害民生无影无踪电子生化武器收起d, 1,0,2
407,04月08日 03:58,https://weibo.com/1549473372/MAXTREKKW?refer_flag=1001030103_,格桑花-婉儿,#中国保护大熊猫研究中心##大熊猫##社会新闻##人民日报##关注社会热点新闻##保护野生动物##为五只旅美大熊猫美香添添崽崽丫丫乐乐呼吁#真够恶心人的这声音…想呕吐…就想问下你连普通话都说不清楚是如何进入国宝研究中心的？美香添添这23年来是如何度过这漫长受虐的日子的众所周知（还有不知道的大家也猜想到），还有孟菲斯动物园的乐乐惨死！丫丫都被折磨的不成形……这一切都是中动协某些恶魔所造成的。O网页链接收起d, 1, 2,6
408,04月08日 02:56,https://weibo.com/5578101628/MAXuY20Pz?refer_flag=1001030103_,浓浓情意N,建议所以关注这个事件的人，都改网名为陈志龙#关注社会热点事件##中电科称痛批加班员工非集团公司员工#​,0,0,1
409,04月08日 00:30,https://weibo.com/1864027184/MAWxwAVyd?refer_flag=1001030103_,买车买房买醉,#陈某龙故意散布谣言被依法行拘#作为一个已经不需要加班的人，我的感受就是现实中你人缘再好，你在工作群里怼领导的时候不可能一呼百应➕1➕1还好几十个一起辞职的，尤其大企业，除非你以后不找工作不需要背调。不知道这个社会怎么了，只要利用社会矛盾就能被恶意扩大为社会热点，下面就什么牛鬼蛇神都出来了，希望那些键盘侠在现实中也有跟不公对抗的勇气。收起d,0, 1,5
